Segment,Unnamed: 0,param_config,cluster_label,num_points,avg_lon,avg_lat,median_lon,median_lat,bounding_box_area,density,radius_avg,radius_max,std_lon,std_lat,has_shop,shop_rel_bakery,shop_rel_hairdresser,amenity_rel_restaurant,amenity_rel_pub,amenity_rel_school,amenity_rel_pharmacy,amenity_rel_bank,amenity_rel_atm,amenity_rel_post_office,amenity_rel_community_centre,amenity_rel_bar,amenity_rel_clinic,shop_rel_gift,shop_rel_books,amenity_rel_cafe,shop_rel_electronics,shop_rel_shoes,amenity_rel_bureau_de_change,amenity_rel_fast_food,shop_rel_laundry,shop_rel_convenience,shop_rel_greengrocer,shop_rel_tobacco,amenity_rel_dentist,amenity_rel_language_school,shop_rel_hardware,shop_rel_supermarket,amenity_rel_veterinary,shop_rel_beauty,shop_rel_clothes,shop_rel_telecommunication,shop_rel_vacant,amenity_rel_events_venue,amenity_rel_hospital,amenity_rel_university,amenity_rel_library,amenity_rel_charging_station,amenity_rel_doctors,amenity_rel_theatre,amenity_rel_post_box,shop_rel_newsagent,shop_rel_deli,shop_rel_jewelry,shop_rel_butcher,shop_rel_lottery,shop_rel_computer,shop_rel_bag,shop_rel_optician,shop_rel_fashion_accessories,shop_rel_chocolate,shop_rel_sports,shop_rel_watches,shop_rel_mobile_phone_accessories,amenity_rel_car_rental,amenity_rel_college,shop_rel_kiosk,shop_rel_ticket,amenity_rel_taxi,shop_rel_bicycle,shop_rel_haberdashery,shop_rel_confectionery,shop_rel_mall,shop_rel_travel_agency,shop_rel_outdoor,shop_rel_car,shop_rel_garden_centre,shop_rel_variety_store,shop_rel_furniture,shop_rel_car_repair,shop_rel_seafood,shop_rel_florist,shop_rel_interior_decoration,shop_rel_pastry,shop_rel_herbalist,shop_rel_department_store,shop_rel_cosmetics,shop_rel_appliance,shop_rel_stationery,amenity_rel_cinema,shop_rel_medical_supply,shop_rel_dry_cleaning,shop_rel_printer_ink,shop_rel_mobile_phone,shop_rel_frozen_food,amenity_rel_fountain,shop_rel_doityourself,shop_rel_storage_rental,shop_rel_toys,shop_rel_curtain,shop_rel_bed,shop_rel_tea,shop_rel_pet,shop_rel_perfumery,shop_rel_yes,shop_rel_wholesale,shop_rel_pet_grooming,amenity_rel_biergarten,shop_rel_collector,shop_rel_trade,amenity_rel_parcel_locker,shop_rel_nuts,shop_rel_houseware,shop_rel_fabric,shop_rel_glaziery,shop_rel_kitchen,shop_rel_fishing,shop_rel_coffee,shop_rel_video_games,shop_rel_doors,shop_rel_locksmith,shop_rel_paint,shop_rel_household_linen,shop_rel_copyshop,amenity_rel_workshop,shop_rel_craft,shop_rel_carpet,shop_rel_party,amenity_rel_exhibition_centre,amenity_rel_conference_centre,shop_rel_second_hand,shop_rel_window_blind,shop_rel_motorcycle_repair,shop_rel_motorcycle,shop_rel_cannabis,shop_rel_cheese,shop_rel_hearing_aids,shop_rel_food,shop_rel_baby_goods,shop_rel_hairdresser_supply,shop_rel_sewing,shop_rel_photo,shop_rel_general,shop_rel_shoe_repair,shop_rel_fuel,shop_rel_money_lender,shop_rel_bookmaker,shop_rel_nutrition_supplements,amenity_rel_money_transfer,shop_rel_frame,shop_rel_car_parts,shop_rel_tyres,shop_rel_tattoo,amenity_rel_arts_centre,shop_rel_massage,shop_rel_chemist,shop_rel_alcohol,shop_rel_ice_cream,shop_rel_hairdresser;pet,shop_rel_bathroom_furnishing,shop_rel_health_food,shop_rel_windows,shop_rel_wine,amenity_rel_parking,shop_rel_tailor,shop_rel_estate_agent,shop_rel_beverages,shop_rel_shutters,shop_rel_optician;hearing_aids,shop_rel_doityourself;sewing,shop_rel_art,shop_rel_dairy,shop_rel_games,shop_rel_esoteric,shop_rel_video,shop_rel_religion,shop_rel_farm,amenity_rel_car_sharing,shop_rel_electrical,shop_rel_indian_food,shop_rel_leather,shop_rel_gas,shop_rel_hifi,amenity_rel_sop,shop_rel_grocery,amenity_rel_post_depot,amenity_rel_social_facility,shop_rel_e-cigarette,shop_rel_model,shop_rel_eggs,amenity_rel_marketplace,shop_rel_repair,shop_rel_radiotechnics,amenity_rel_car_wash,shop_rel_nails,shop_rel_charity,shop_rel_spices,amenity_rel_bicycle_repair_station,shop_rel_flooring,shop_rel_musical_instrument,shop_rel_lighting,shop_rel_music,shop_rel_gold_buyer,amenity_rel_ice_cream,shop_rel_outpost,shop_rel_pawnbroker,shop_rel_pottery,shop_rel_clothes;secondhand,shop_rel_wigs,shop_rel_agrarian,shop_rel_tiles,shop_rel_kitchen;bathroom_furnishing,amenity_rel_place_of_worship,amenity_rel_music_venue,amenity_rel_studio,shop_rel_accessories,shop_rel_weapons,shop_rel_hairdesser,shop_rel_boutique,shop_rel_energy,amenity_rel_coworking_space,shop_rel_erotic,shop_rel_antiques,shop_rel_orthopaedics,amenity_rel_gambling,amenity_rel_casino,shop_rel_CCG,shop_rel_wedding,shop_rel_spy,shop_rel_signs,amenity_rel_driving_school,shop_rel_printing,shop_rel_variety,amenity_rel_prep_school,shop_rel_plant_shop,amenity_rel_bicycle_rental,shop_rel_fireplace,shop_rel_rental,shop_rel_camera,shop_rel_hair extensions,amenity_rel_retail,amenity_rel_student_accommodation,geometry,population,av_age,percent_65,pp_income,male_rate,pop_buffer,has_Dia,has_Burger King,has_Mercadona,has_Ahorram치s,has_Carrefour,has_Rodilla,has_McDonald's,has_Vips,has_100 Montaditos,has_Supercor,has_Alcampo,has_Telepizza,has_Lidl,has_Starbucks,has_Malv칩n,has_Domino's,has_Marco Aldany,has_Orange,has_Ginos,has_Granier,has_La Sirena,has_KFC,has_ALDI,has_Vitaldent,has_Foster's Hollywood,has_Mango,has_Vodafone,has_Movistar,has_Opticalia,has_Multi칩pticas,has_Lizarr치n,has_Papa John's,has_Zara,trains_metro,trains_metro_in_buffer,bus,bus_in_buffer
Local,9,madrid_hdbscan_5_5,9,8,-3.5649094443626206,40.4040937918066,-3.5649747,40.404131,4.116366066331908e-07,19434617.502638184,0.0002719619110735,0.0005535546177772,0.0002878877007279,0.0001461585061086,Yes,,0.25,0.125,0.125,,,,,,,,,,,,,,,,,0.125,,,,0.125,,,,,0.125,,,,,,,,,,,,,,,,,,,,,,,,,,,,,,,,,,,,,,,,,,,,,,,,,,,,,,,,,,,,,,,,,,,,,,,,,,,,,,,,,,,,,,,,,,,,,,,,,,,,,,,,,,,,,,,,,,,,,,,,,,,,,,,,,,,,,,,,,,,,,,,,,,,,,,,,,,,,,,,,,,,,,,,,,,,,,,,,,,,,,,,,,,,,,,,,,,,,,,,,,,"POLYGON ((-3.5644176 40.4038398, -3.565330654900966 40.40429063445278, -3.5651538 40.4042265, -3.5645457 40.4039072, -3.5644176 40.4038398))",0.0,32.7,2.5,17913.0,88.1,275.0,0.0,0.0,0.0,0.0,0.0,0.0,0.0,0.0,0.0,0.0,0.0,0.0,0.0,0.0,0.0,0.0,0.0,0.0,0.0,0.0,0.0,0.0,0.0,0.0,0.0,0.0,0.0,0.0,0.0,0.0,0.0,0.0,0.0,0.0,0.0,0.0,0.0
Local,76,madrid_hdbscan_5_5,76,10,-3.59744072017873,40.40212624739302,-3.597535573536661,40.40216347418322,1.196920464663765e-05,835477.4018179368,0.0013070507438034,0.0027856210953789,0.0012029059962727,0.0008749173061368,Yes,,,,,0.1,0.1,0.1,0.1,,,,,,,,,,,,,0.1,,,,,,,,0.1,,,,,,,,,,,,,,,,,,,,,,,,,,,,,0.1,,,,,,,,,,,,,,,,,,,,,,,,,,,,,,,,,,,,,,,,,,,,,,,,,,,,,,,,,,,,,,,,,,,,,,,,,,,,,,,,,,,,,,,,,,,,,,,,,,,,,,,,,,,,,,,,,,,,,,,,,,,,,,,,,,,,,,,,,,,,,,,,,,,,,,,,,,,,,,,,,,,,,,,,,,,,,,"POLYGON ((-3.5983854 40.4008693, -3.599673532179381 40.40379185102437, -3.5958746 40.4030428, -3.59557806744778 40.40228246591056, -3.5983854 40.4008693))",1656.0,38.59,8.74,17777.22,88.1,5713.0,0.0,0.0,0.0,0.0,0.0,0.0,0.0,0.0,0.0,0.0,0.0,0.0,0.0,0.0,0.0,0.0,0.0,0.0,0.0,0.0,0.0,0.0,0.0,0.0,0.0,0.0,0.0,0.0,0.0,0.0,0.0,0.0,0.0,0.0,2.0,7.0,13.0
Local,97,madrid_hdbscan_5_5,97,12,-3.618256315250436,40.37116037921228,-3.6183115,40.37125762527364,2.3995759200026336e-06,5000883.656136552,0.0007100377660889,0.0013123966135523,0.0003253276655382,0.0007071353117081,Yes,0.083,,0.083,,,0.083,,,,,0.25,,,,0.083,,,,,,,,,0.083,,,0.083,,,,,,,,,,,,,,,,,,,,,0.083,,,,,,,,0.083,,,,,,,,,,,,,,,,,,,,,,,,,,,,,,,,,,,,,,,,,,,,,,,,,,,,,,,,,,,,,,,,,,,,,,,,,,,,,,,,,,,,,,,,,,,,,,,,,,,,,,,,,,,,,,,,,,,,,,,,,,,,,,,,,,,,,,,,,,,,,,,,,,,,,,,,,,,,,,,,,,,,,,,,,,,,,,,,"POLYGON ((-3.6179949 40.3701161, -3.6187118 40.3705899, -3.6185329 40.3724433, -3.617765483005219 40.37124395054729, -3.6176807 40.3704858, -3.6179949 40.3701161))",313.0,45.66,21.83,14993.79,88.1,6090.0,1.0,0.0,0.0,0.0,0.0,0.0,0.0,0.0,0.0,0.0,0.0,0.0,0.0,0.0,0.0,0.0,0.0,0.0,0.0,0.0,0.0,0.0,0.0,0.0,0.0,0.0,0.0,0.0,0.0,0.0,0.0,0.0,0.0,0.0,1.0,4.0,4.0
Local,108,madrid_hdbscan_5_5,108,12,-3.655637693773232,40.48636508254176,-3.65573935,40.4863736,6.599757405784392e-06,1818248.6510007984,0.0009597725434106,0.0023603302653868,0.000627128337394,0.0009204263755632,Yes,0.083,0.083,0.167,,,0.167,,,,,,,,,,,,,,,0.083,0.083,,0.083,,,0.083,0.083,,,,,,,,,,,,,,,,,,,,,,,,,,,,,,,,,,,,,,,,,,,,,,,,,,,,,,,,,,,,,,,,,,,,,,,,,,,,,,,,,,,,,,,,,,,,,,,,,,,,,,,,,,,,,,,,,,,,,,,,,,,,,,,,,,,,,,,,,,,,,,,,,,,,,,,,,,,,,,,,,,,,,,,,,,,,,,,,,,,,,,,,,,,,,,,,,,,,,,,,,,,,"POLYGON ((-3.655150925278781 40.48405549050105, -3.6562786 40.4858577, -3.6563572 40.4860642, -3.6561746 40.4875232, -3.6559848 40.4875569, -3.6558061 40.4875763, -3.6545488 40.4864093, -3.6544827 40.4863379, -3.655150925278781 40.48405549050105))",639.0,35.67,6.04,18165.71,88.1,3763.0,0.0,0.0,0.0,0.0,0.0,0.0,0.0,0.0,0.0,0.0,0.0,0.0,0.0,0.0,0.0,0.0,0.0,0.0,0.0,0.0,0.0,0.0,0.0,0.0,0.0,0.0,0.0,0.0,0.0,0.0,0.0,0.0,0.0,0.0,1.0,0.0,4.0
Mixed,111,madrid_hdbscan_5_5,111,13,-3.6288345294694886,40.44776323362687,-3.62851670349291,40.4477787,1.385778065934194e-05,938101.1519500646,0.0012777689327107,0.0031293653144426,0.0012167845455933,0.0008410044788912,Yes,,,,,,,0.077,,,,,,,,,,,,,,,,,,,,,,,,,,,,,,,,0.077,,,,,,,,,,,,,,,,,0.077,,0.154,,,,,,,,,,,,,,,,,,,,,,,,,,,,,,,,,,,,,,,,,,,,,,,,,,,,,,,,,,,,,,,,,,,,,,,,,,,,,,,,,,,,,,,,,,,,,,,,,,,,,,,,,,,,,,,,,,,,,,,,,,,,,,,,,,,,,,,,,,,,,,,,,,,,,,,,,,,,,,,,,,,,,,,,,,,,,,"POLYGON ((-3.626260678415325 40.44598328474496, -3.627979993583093 40.44638178333109, -3.630160332014623 40.44712455662435, -3.631015 40.4481735, -3.630427122547641 40.448545856391256, -3.62851670349291 40.44889806036805, -3.628165819427408 40.44844767242538, -3.626260678415325 40.44598328474496))",160.0,44.6,19.9,30604.0,88.1,873.0,0.0,0.0,0.0,0.0,0.0,0.0,0.0,0.0,0.0,0.0,0.0,0.0,0.0,0.0,0.0,0.0,0.0,0.0,0.0,0.0,0.0,0.0,0.0,0.0,0.0,0.0,0.0,0.0,0.0,0.0,0.0,0.0,0.0,0.0,0.0,3.0,11.0
Local,113,madrid_hdbscan_5_5,113,22,-3.708541909120027,40.36975522649712,-3.708503,40.3697275,1.92478866692906e-05,1142982.6233910818,0.0012925655999263,0.0030062071968289,0.0013719374509206,0.0006810557869783,Yes,,,0.091,,0.045,0.182,0.045,,0.045,0.091,,,,,0.045,,,,,,0.045,,0.045,,,0.045,,0.045,,,,,,,,,,,,,,,,0.045,,,,,,,,,,,,,,,,,,,,,,,,,,,,,,,,,,,,,,,,,,,,,,,,,,,,,,,,,,,,,,,,,,,,,,,,,,,,,,,,,,,,,,,,,,,,,,,,,,,,,,,,,,,,,,,,,,,,,,,,,,,,,,,,,,,,,,,,,,,,,,,,,,,,,,,,,,,,,,,,,,,,,,,,,,,,,,,,,,,,,,,,,,,,"POLYGON ((-3.708425 40.3683726, -3.711430004140389 40.36892084716874, -3.708171322466613 40.371708279749456, -3.7056597 40.3698027, -3.7059068 40.3687219, -3.708425 40.3683726))",1948.0,45.6,23.83,10990.11,88.1,5646.0,0.0,0.0,0.0,0.0,0.0,0.0,0.0,0.0,0.0,0.0,0.0,0.0,0.0,0.0,0.0,0.0,0.0,0.0,0.0,0.0,0.0,0.0,0.0,0.0,0.0,0.0,0.0,0.0,0.0,0.0,0.0,0.0,0.0,0.0,0.0,3.0,15.0
Local,128,madrid_hdbscan_5_5,128,8,-3.715885112507888,40.34342691641206,-3.715881,40.34351815,1.6566894546950551e-06,4828907.419750885,0.0006617222788293,0.0010380736407804,0.0006606082287795,0.0002898752644707,Yes,,0.125,0.125,,,,,,,,,,,,0.125,,,,,,0.25,,,,,,0.125,,,,,,,,,,,,,,,,,,,,,,,,,,,,,,,,,,0.125,,,,,,,,,,,,,,,,,,,,,,,,,,,,,,,,,,,,,,,,,,,,,,,,,,,,,,,,,,,,,,,,,,,,,,,,,,,,,,,,,,,,,,,,,,,,,,,,,,,,,,,,,,,,,,,,,,,,,,,,,,,,,,,,,,,,,,,,,,,,,,,,,,,,,,,,,,,,,,,,,,,,,,,,,,,"POLYGON ((-3.714987300063098 40.34290583129649, -3.7168549 40.3431459, -3.716331 40.3434815, -3.7161297 40.3435548, -3.7150583 40.3437929, -3.714987300063098 40.34290583129649))",287.0,42.83,19.58,10223.81,88.1,6209.0,1.0,0.0,0.0,0.0,0.0,0.0,0.0,0.0,0.0,0.0,0.0,0.0,0.0,0.0,0.0,0.0,0.0,0.0,0.0,0.0,0.0,0.0,0.0,0.0,0.0,0.0,0.0,0.0,0.0,0.0,0.0,0.0,0.0,0.0,0.0,2.0,6.0
Local,133,madrid_hdbscan_5_5,133,12,-3.660068982568052,40.37337170844216,-3.659990453516648,40.37365575,9.9307716682519e-06,1208365.311465503,0.0008556472327484,0.0026984065906683,0.0007999192993798,0.0007367439573511,Yes,,,,,0.083,0.083,,,,0.083,,,,,,,,,0.083,,,0.083,,,,,0.083,,,,,,,,,0.083,,,0.167,,,,,,,,,,,,,,,,,,,,,,,,,,,,,,,,,,,,,,,,,,,,,,,,,,,,,,,,,,,,,,,,,,,,,,,,,,,,,,,,,,,,,,,,,,,,,,,,,,,,,,,,,,,,,,,,,,,,,,,,,,,,,,,,,,,,,,,,,,,,,,,,,,,,,,,,,,,,,,,,,,,,,,,,,,,,,,,,,,,,,,,,,,,,,,,,,"POLYGON ((-3.66062801161094 40.372207427744364, -3.662199215608526 40.37502806146064, -3.6595698 40.3736887, -3.658678456563865 40.372631339307155, -3.66062801161094 40.372207427744364))",760.0,43.69,21.69,9952.11,88.1,4506.0,0.0,0.0,0.0,1.0,0.0,0.0,0.0,0.0,0.0,0.0,0.0,0.0,0.0,0.0,0.0,0.0,0.0,0.0,0.0,0.0,0.0,0.0,0.0,0.0,0.0,0.0,0.0,0.0,0.0,0.0,0.0,0.0,0.0,0.0,0.0,2.0,8.0
Local,144,madrid_hdbscan_5_5,144,26,-3.672852819910775,40.50030312445696,-3.6727109996744782,40.5001819,1.2907436523644836e-05,2014342.6583869848,0.001284781315139,0.0024063086759847,0.0012351117115389,0.0007876476941194,Yes,,0.038,0.346,,0.038,0.038,0.038,,,,,0.038,,,,,,,,,0.038,,,0.077,,,0.038,0.038,0.038,0.038,,,,,,,,,,,,,,,,,,,,,,,,,,,,,0.038,,,,,,,,,,,,,,,0.038,,,,,,,,,,,,,,,,,,,,,,,,,,,,,,,,,,,,,,,,,,,,,,,,,,,,,,,,,,,,,,,,,,,,,,,,,,,,,,,,,,,,,,,,,,,,,,,,,,,,,,,,,,,,,,,,,,,,,,,,,,,,,,,,,,,,,,,,,,,,,,,,,,,,,,,,,,,,,,"POLYGON ((-3.674999 40.4992149, -3.6751661 40.499659, -3.6751912 40.4997498, -3.672743599348958 40.502214321859334, -3.6715189 40.5021517, -3.670887891852975 40.50102029599134, -3.672156 40.4993604, -3.674999 40.4992149))",1395.0,32.2,4.47,24288.46,88.1,4977.0,0.0,0.0,0.0,0.0,0.0,0.0,0.0,0.0,0.0,0.0,0.0,0.0,0.0,0.0,0.0,0.0,0.0,0.0,0.0,0.0,0.0,0.0,0.0,0.0,0.0,0.0,0.0,0.0,0.0,0.0,0.0,0.0,0.0,0.0,0.0,5.0,9.0
Local,232,madrid_hdbscan_5_5,232,7,-3.7735124142857135,40.39755604285715,-3.7734916,40.3973834,6.033959399993049e-07,11601006.132073184,0.0003399882966791,0.0009345406262095,0.0001753974216179,0.0003868984874513,Yes,,0.143,,,,,0.143,,,,,,,,0.286,,,0.143,,,0.143,,,,,,,,,,,,,,,,,,,,,,,,,,,,,,,,,,,,,,,,,,,,,,,,,,,,,,,,,,,,,,,,,,,,,,,,,,,,,,,,,,,,,,,,,,,,,,,,,,,,,,,,,,,,,,,,,,,,,0.143,,,,,,,,,,,,,,,,,,,,,,,,,,,,,,,,,,,,,,,,,,,,,,,,,,,,,,,,,,,,,,,,,,,,,,,,,,,,,,,,,,,,,,,,,,,,,,"POLYGON ((-3.7734916 40.3973275, -3.7738477 40.3973598, -3.7735805 40.3984881, -3.7733375 40.3973834, -3.7733278 40.3973365, -3.7734916 40.3973275))",112.0,43.13,19.46,10669.34,88.1,4847.0,0.0,0.0,0.0,0.0,0.0,0.0,0.0,0.0,0.0,0.0,0.0,0.0,0.0,0.0,0.0,0.0,0.0,0.0,0.0,0.0,0.0,0.0,0.0,0.0,0.0,0.0,0.0,0.0,0.0,0.0,0.0,0.0,0.0,0.0,1.0,0.0,8.0
Urban,234,madrid_hdbscan_5_5,234,23,-3.766061359063229,40.38856168848408,-3.7661406,40.3884486,3.1679760826880955e-06,7260155.821783858,0.0006291981091161,0.0013577757452773,0.0003716342495668,0.0005954328273447,Yes,0.043,0.043,0.304,0.043,0.043,0.043,,,,,0.043,,,0.043,0.043,,,,,,,,0.043,,,0.13,,,,,,,,,,,,,,,,,,,,,,,,,,,,,,,,,,,,,0.043,,,,,,,,,0.043,,,,,,,,,,,,,,,,,,,,,,,,,,,,,,,,,,,,,,,,,,,,,,,,,,,,,,,,,,,,,,,,,,,,0.043,,,,,,,,,,,,,,,,,,,,,,,,,,,,,,,,,,,,,,,,,,,,,,,,,,,,,,,,,,,,,,,,,,,,,,,,,,,,,,,,,,,,,,,,,,,,"POLYGON ((-3.7660562 40.3877528, -3.766800758454283 40.388494635133874, -3.7665001 40.3891602, -3.766043 40.3897867, -3.7656093 40.389842, -3.7652844 40.3891445, -3.7655243 40.3878357, -3.7660562 40.3877528))",225.0,48.57,25.58,17575.35,88.1,3399.0,0.0,0.0,0.0,0.0,0.0,0.0,0.0,0.0,0.0,0.0,0.0,0.0,0.0,0.0,0.0,0.0,1.0,0.0,0.0,0.0,0.0,0.0,0.0,0.0,0.0,0.0,0.0,0.0,0.0,0.0,0.0,0.0,0.0,0.0,1.0,2.0,2.0
Local,236,madrid_hdbscan_5_5,236,13,-3.773437559168055,40.37870579989736,-3.7734433,40.3786622,7.886658600027777e-07,16483533.3432009,0.0003494763528381,0.0006834779951556,0.0002948703805275,0.0002465705042228,Yes,,0.154,,0.154,,0.077,0.077,0.077,,,,,,,,,,,0.077,,,0.077,,,,,,,,,,,,,,,,,,,,,,,,,,,,,,,,,,,,,,,,,,,,,0.154,,,,,,,,,,,,,,,,,,,,,,,0.077,,,,,,,,,,,,,,,,,,,,,,,,,,,,,,,,,,,,,,,,,,,,,,,,,,,,,,,,,,,,,,,,,,,,,,,,,,,,,,,,,,,,,,,,,,,,,,,,,,,,,,,,,,,,,,,,,,,,,,,,,,,,,,,,,,,,,,,,,,,,,,"POLYGON ((-3.7730591 40.3783562, -3.77317 40.3784122, -3.7739112 40.3788364, -3.773570169184715 40.37902949866571, -3.7730409 40.3792624, -3.7730591 40.3783562))",123.0,47.97,26.04,13188.04,88.1,4746.0,0.0,0.0,0.0,0.0,0.0,0.0,0.0,0.0,0.0,0.0,0.0,0.0,0.0,0.0,0.0,0.0,0.0,0.0,0.0,0.0,0.0,0.0,0.0,0.0,0.0,0.0,0.0,0.0,0.0,0.0,0.0,0.0,0.0,0.0,0.0,0.0,8.0
Local,237,madrid_hdbscan_5_5,237,5,-3.637943017310643,40.42489894151282,-3.6379589,40.4247334,3.894025211828829e-06,1284018.394336936,0.0008488887205967,0.0015036187869572,0.0008249150456445,0.0005676880972935,Yes,,,,0.2,,0.2,,,,,,,,,,,,,,,0.2,,,,,,,,,,,,,,,,,,,0.2,,,,,,,,,,,,,,,,,,,,,,,,,,,,,,,,,,,,,,,,,,,,,,,,,,,,,,,,,,,,,,,,,,,,,,,,,,,,,,,,,,,,,,,,,,,,,,,,,,,,,,,,,,,,,,,,,,,,,,,,,,,,,,,,,,,,,,,,,,,,,,,,,,,,,,,,,,,,,,,,,,,,,,,,,,,,,,,,,,,,,,,,,,,,,,,,"POLYGON ((-3.6393753 40.4244413, -3.637517086553216 40.42599140756412, -3.6368632 40.4247334, -3.6380006 40.424476, -3.6393753 40.4244413))",459.0,43.3,18.7,15459.56,88.1,5026.0,0.0,0.0,0.0,0.0,0.0,0.0,0.0,0.0,0.0,0.0,0.0,0.0,0.0,0.0,0.0,0.0,0.0,0.0,0.0,0.0,0.0,0.0,0.0,0.0,0.0,0.0,0.0,0.0,0.0,0.0,0.0,0.0,0.0,0.0,1.0,1.0,9.0
Local,245,madrid_hdbscan_5_5,245,8,-3.7538113,40.3926876875,-3.7537919,40.39267185,4.208831399998741e-07,19007651.387514345,0.0002563671087778,0.0005134375693865,0.0002815579114497,0.0001223105927295,Yes,,,,,,,,,,,,,,,0.125,,,,,,,,,0.125,,,0.125,,,,,,,,,,,,,,,,,,,,,,,,,,,,,,,,,,,,,,,,,,,,,,,,,,,,,,,,,,,,,,,,,,,,,,,,,,,,,,,,,,,,,,,,,,,,,,,,,,,,,,,,,,,,,,,,,,,,,,,,,,,,,,,,,,,,,,,,,,,,,,,,,,,,,,,,,,,,,,,,,,,,,,,,,,,,,,,,,,,,,,,,,,,,,,,,,,,,,,,,,,,,,"POLYGON ((-3.7533565 40.3924955, -3.7541607 40.3926708, -3.7542383 40.3929728, -3.7535562 40.3926729, -3.7533565 40.3924955))",41.0,54.16,41.16,18876.21,88.1,4793.0,1.0,0.0,0.0,0.0,0.0,0.0,0.0,0.0,0.0,0.0,0.0,0.0,0.0,0.0,0.0,0.0,0.0,0.0,0.0,0.0,0.0,0.0,0.0,0.0,0.0,0.0,0.0,0.0,0.0,0.0,0.0,0.0,0.0,0.0,0.0,0.0,6.0
Local,246,madrid_hdbscan_5_5,246,10,-3.753780295238194,40.393925372702896,-3.7538172,40.39385535,3.4204546691741e-07,29235879.341194693,0.0002432335718997,0.0006546856519639,0.0001329451948373,0.0002597045127332,Yes,0.1,0.1,,,0.1,0.1,,,,,0.1,,,,0.1,,,,,,0.1,,,,0.1,,,,,,,,,,,,,,,,,,,,,,,,,,,,,,,,,,,,,,,,,,,,,,,,,,,,,,,,,,,,,,,,,,,,,,,,,,,,,,,,,,,,,,,,,,,,,,,,,,,,,,,,,,,,,,,,,,,,,,,,,,,,,,,,,,,,,,,,,,,,,,,,,,,,,,,,,,,,,,,,,,,,,,,,,,,,,,,,,,,,,,,,,,,,,,,,,,,,,,,,,,,,,,,"POLYGON ((-3.753575852381941 40.39330342702889, -3.7539211 40.3938512, -3.7539238 40.3941656, -3.7539157 40.3942835, -3.7535748 40.3938564, -3.753575852381941 40.39330342702889))",28.0,53.6,42.0,19156.0,88.1,3778.0,0.0,0.0,0.0,0.0,0.0,0.0,0.0,0.0,0.0,0.0,0.0,0.0,0.0,0.0,0.0,0.0,0.0,0.0,0.0,0.0,0.0,0.0,0.0,0.0,0.0,0.0,0.0,0.0,0.0,0.0,0.0,0.0,0.0,0.0,0.0,0.0,6.0
Local,250,madrid_hdbscan_5_5,250,30,-3.7608554733333337,40.38925346,-3.76084795,40.389253,1.8127513600014808e-06,16549429.04027141,0.0004274149319383,0.0010577722535156,0.0003419261440071,0.0003275989169698,Yes,,0.167,0.1,0.1,,0.033,,,,,0.033,,,,0.033,0.033,,,,0.033,0.067,0.033,,0.033,,0.033,0.033,,,,,,,,,,,,,0.033,,,0.033,,,,,0.033,,,,,,,,0.033,,,0.033,,,,,,,,,,,,,,,,,,,,,,,,,,,,,,,,,,,,,,,,,,,,,,,,,,,,,,,,,,,,,,,,,,,,,,,,,,,,,,,,,,,0.033,,,,,,,,,,,,,,,,,,,,,,,,,,,,,,,,,,,,,,,,,,,,,,,,,,,,,,,,,,,,,,,,,,,,,,,,,,,,,,,,,,,,,,,,,,"POLYGON ((-3.7612845 40.3882866, -3.7614818 40.389118, -3.7610509 40.3899442, -3.7603882 40.3897395, -3.7603912 40.3895597, -3.7603996 40.389427, -3.7604077 40.3893215, -3.7604289 40.3890896, -3.7605147 40.3888443, -3.7612845 40.3882866))",162.0,49.59,30.55,13800.73,88.1,5278.0,0.0,0.0,0.0,1.0,0.0,0.0,0.0,0.0,0.0,0.0,0.0,0.0,0.0,0.0,0.0,0.0,0.0,0.0,0.0,0.0,0.0,0.0,0.0,0.0,0.0,0.0,0.0,0.0,0.0,0.0,0.0,0.0,0.0,0.0,0.0,0.0,5.0
Primary,283,madrid_hdbscan_5_5,283,162,-3.6218940744292873,40.398718509687264,-3.62174405,40.3981267,7.598386326416114e-05,2132031.6319900723,0.0024656880073456,0.0053798174110961,0.0016395039417361,0.0021914705923551,Yes,0.019,0.049,0.117,0.037,0.012,0.031,0.019,0.006,0.006,0.012,0.019,0.006,,,0.012,0.012,,,0.012,0.006,0.08,0.019,0.006,0.012,0.006,,0.019,0.006,0.019,0.025,,,,,,0.006,,0.019,,0.006,0.006,,0.006,0.006,0.006,,,0.012,,,0.006,,,,,0.006,,0.012,0.006,,,0.006,0.012,,0.006,,0.019,0.006,,,0.006,,,0.012,,,,0.006,,,,,,,,0.012,,,,0.006,,0.006,,,,,,,,,0.006,,,,,,,,,,0.006,,,,,,,,,,,,,,,,,,,,0.006,,,,,,,,,,,,,,,,,,,,,,,,,,,,,,,,0.006,0.006,,,,,,,,,,,,,,,,,,,,,,,,,,,,,,,,,,,,,,,,,,,,,,,,,,,,,,,,,,,,,,,,,,,,"POLYGON ((-3.6245338 40.3944281, -3.625809 40.3974802, -3.625855351088883 40.39835453729579, -3.623511738962795 40.40384935726186, -3.6204463 40.4033902, -3.620236820254096 40.40327311308303, -3.619398768330481 40.40153555788013, -3.6177902 40.3972776, -3.618528827734242 40.396634868564426, -3.621134922740633 40.39548613859275, -3.6245338 40.3944281))",8126.0,44.14,15.48,17042.14,88.1,6845.0,1.0,0.0,1.0,1.0,0.0,0.0,0.0,0.0,0.0,0.0,0.0,0.0,0.0,0.0,0.0,0.0,0.0,0.0,0.0,0.0,0.0,0.0,0.0,0.0,0.0,0.0,0.0,0.0,1.0,0.0,0.0,0.0,0.0,1.0,0.0,17.0,12.0
Mixed,350,madrid_hdbscan_5_5,350,7,-3.627755099999999,40.43206252857143,-3.6277418,40.4320898,2.4489968299973538e-06,2858313.213907902,0.0006463608891677,0.0012212464057979,0.0006456055540565,0.0003988924585264,Yes,,,0.286,,,0.143,,,,,,,,,,,,,,,,,,,,,,,,,,,,,,,,,,0.143,,,,0.143,,,,,,,,,,,,,,,,,,,,,,,,,,,,,,,,,,,,,,,,,,,0.143,,,,,,,,,,,,,,,,,,,,,,,,,,,,,,,,,,,,,,,,,,,,,,,,,,,,,,,,,,,,,,,,,,,,,,,,,,,,,,,,,,,,,,,,,,,,,,,,,,,,,,,,,,,,,,,,,,,,,,,,,,,,,,,,,,,,,,,,,,,,,,,,,"POLYGON ((-3.6285753 40.4311577, -3.6286359 40.4320122, -3.6276242 40.4323679, -3.6271173 40.4324478, -3.6267376 40.4320763, -3.6285753 40.4311577))",156.0,46.1,20.97,13244.48,88.1,4674.0,0.0,0.0,0.0,0.0,0.0,0.0,0.0,0.0,0.0,0.0,0.0,0.0,0.0,0.0,0.0,0.0,0.0,0.0,0.0,0.0,0.0,0.0,0.0,0.0,0.0,0.0,0.0,0.0,0.0,0.0,0.0,0.0,0.0,0.0,0.0,2.0,2.0
Local,377,madrid_hdbscan_5_5,377,13,-3.6853757298094383,40.48510987193417,-3.6853156,40.4850821,1.1509228287090126e-06,11295283.81549445,0.0004383577530834,0.0007524513365411,0.000309171883622,0.0003479367545818,Yes,,,0.154,0.077,,0.077,,,,,,,,,,,,,,,0.154,0.077,,,,,0.077,0.077,,,,,,,,,,,,,,,,,0.077,,,,,,,,,,,0.077,,,,,,,,,,,,,,,,,,,,,,0.077,,,,,,,,,,,,,,,,,,,,,,,,,,,,,,,,,,,,,,,,,,,,,,,,,,,,,,,,,,,,,,,,,,,,,,,,,,,,,,,,,,,,,,,,,,,,,,,,,,,,,,,,,,,,,,,,,,,,,,,,,,,,,,,,,,,,,,,,,,,,,,,,,,,,,,,,,,"POLYGON ((-3.685871 40.4845434, -3.685931465793055 40.48499171136343, -3.6856089 40.4855789, -3.6853156 40.4854456, -3.6851718 40.4853783, -3.685093421729648 40.48531772378084, -3.68482 40.4849065, -3.6852389 40.4845853, -3.685871 40.4845434))",163.0,42.9,16.7,12515.22,88.1,3550.0,1.0,0.0,0.0,0.0,0.0,0.0,0.0,0.0,0.0,0.0,0.0,0.0,0.0,0.0,0.0,0.0,0.0,0.0,0.0,0.0,0.0,0.0,0.0,0.0,0.0,0.0,0.0,0.0,0.0,0.0,0.0,0.0,0.0,0.0,1.0,0.0,6.0
Local,465,madrid_hdbscan_5_5,465,20,-3.702572541970839,40.4773815934276,-3.702514969708395,40.4774292,1.0193250778160548e-06,19620826.010531213,0.0004212048491877,0.0006412267281018,0.0003439326339718,0.0002618979860575,Yes,0.1,0.1,,,,0.05,0.05,0.05,,,0.05,,,,0.05,,,,0.05,,,0.05,,,,,,,0.05,,,,,,,,,,,,,,0.05,,,,,0.05,,,,,,,,,,,,,,,,,,,,,0.1,,,,,,,,,,,,,,,,,,,,,,,,,,,,,,,,,,,,,,,,,0.05,,,0.05,,,,,,,,,,,,,,,,,,,,,,,,,,,,,,,,,,,,,,,,,,,,,,,,,,,,,,,,,,,,,,,,,,,,,,,,,,,,,,,,,,,,,,,,,,,,,,,,,,,,,,,,,,,,,,,,,,,,,,,"POLYGON ((-3.7026527 40.4769249, -3.7030385 40.4771556, -3.7031566 40.4774337, -3.7031932 40.4775427, -3.702480039416789 40.47787266855213, -3.7022563 40.4777164, -3.7021321 40.4773947, -3.7021177 40.4773429, -3.7024416 40.4769993, -3.7025499 40.4769415, -3.7026527 40.4769249))",307.0,48.96,30.37,16946.77,88.1,7153.0,0.0,0.0,0.0,0.0,0.0,0.0,0.0,0.0,0.0,0.0,0.0,0.0,0.0,0.0,0.0,0.0,0.0,0.0,0.0,0.0,0.0,0.0,0.0,0.0,0.0,0.0,0.0,0.0,0.0,0.0,0.0,0.0,0.0,0.0,1.0,0.0,5.0
Local,473,madrid_hdbscan_5_5,473,25,-3.705050364,40.478571392000006,-3.7050697,40.4785316,1.098919200001162e-06,22749625.26814853,0.0004487624696307,0.0007088162956315,0.0003122506683803,0.0003508921554213,Yes,0.08,0.04,0.04,0.04,,,0.04,,,,,,,,0.04,,0.04,,0.04,,,,,,,,,,,,,,,,,,,,,,,,,0.04,,,,0.04,,,,,,,,,,0.08,,,,,0.08,,,,,,0.04,,,0.04,,0.04,,,,,,,,,,,,,,0.04,,,,,,,,,,,,,,,0.04,,0.04,,,,,,,,0.04,,,,,,,,,,,,,,,,,,,,,,,,,,,,,,,,,,,,,,,,,0.04,,,,,,0.04,,,,,,,,,,,,,,,,,,,,,,,,,,,,,,,,,,,,,,,,,,,,,,,,,,,,,,,,,,,,,,,,,,,,,,,,"POLYGON ((-3.7053268 40.4781014, -3.7054389 40.4783755, -3.7054379 40.4784159, -3.7052813 40.4790926, -3.7049181 40.4791534, -3.7045302 40.4790529, -3.7043943 40.4787545, -3.7047696 40.4781572, -3.7050448 40.4781146, -3.7053268 40.4781014))",417.0,48.7,29.3,15179.88,88.1,6999.0,0.0,0.0,0.0,0.0,0.0,0.0,0.0,0.0,0.0,0.0,0.0,0.0,0.0,0.0,1.0,0.0,0.0,0.0,0.0,0.0,0.0,0.0,0.0,0.0,0.0,0.0,0.0,0.0,0.0,0.0,0.0,0.0,0.0,0.0,1.0,0.0,12.0
Local,564,madrid_hdbscan_5_5,564,5,-3.70802556,40.39376682,-3.7080915,40.3937388,3.2936511999754225e-07,15180721.018780952,0.0003301512881438,0.0004851697950201,0.0003142337512107,0.0001392094163472,Yes,,,,,,,0.2,,,,,,,,0.2,,,,,,,,,,,,,,,,,,,,,,,,,,,,,,,,,,,,,,,,,,,,,,,,,,,,0.4,,0.2,,,,,,,,,,,,,,,,,,,,,,,,,,,,,,,,,,,,,,,,,,,,,,,,,,,,,,,,,,,,,,,,,,,,,,,,,,,,,,,,,,,,,,,,,,,,,,,,,,,,,,,,,,,,,,,,,,,,,,,,,,,,,,,,,,,,,,,,,,,,,,,,,,,,,,,,,,,,,,,,,,,"POLYGON ((-3.70837 40.3935959, -3.7080915 40.3939933, -3.7075412 40.3937388, -3.70837 40.3935959))",53.0,48.58,27.49,15856.39,88.1,5800.0,0.0,0.0,0.0,0.0,0.0,0.0,0.0,0.0,0.0,0.0,0.0,0.0,0.0,0.0,0.0,0.0,0.0,0.0,0.0,0.0,0.0,0.0,0.0,0.0,0.0,0.0,0.0,0.0,0.0,0.0,0.0,0.0,0.0,0.0,0.0,0.0,2.0
Local,644,madrid_hdbscan_5_5,644,10,-3.68292753,40.404941830000006,-3.68282355,40.404924300000005,3.692767200044698e-07,27079963.23158134,0.0003009847211127,0.0005102688799052,0.0002971180002961,0.0001290059537392,Yes,,,0.4,,,,,,,,,,,,0.2,,,,,,,,,,,,,,,,,0.2,,,,,,,,,,,,,,,,,,,,,,0.1,,,,,,,,,,,,,,,0.1,,,,,,,,,,,,,,,,,,,,,,,,,,,,,,,,,,,,,,,,,,,,,,,,,,,,,,,,,,,,,,,,,,,,,,,,,,,,,,,,,,,,,,,,,,,,,,,,,,,,,,,,,,,,,,,,,,,,,,,,,,,,,,,,,,,,,,,,,,,,,,,,,,,,,,,,,,,,,,,,,,,"POLYGON ((-3.6826051 40.4047504, -3.6832092 40.4049089, -3.6833149 40.4049397, -3.6834367 40.4049753, -3.6828055 40.4051448, -3.6825004 40.4050894, -3.6826051 40.4047504))",86.0,49.87,32.28,22490.23,88.1,5738.0,0.0,0.0,0.0,0.0,0.0,0.0,0.0,0.0,0.0,0.0,0.0,0.0,0.0,0.0,0.0,0.0,0.0,0.0,0.0,0.0,0.0,0.0,0.0,0.0,0.0,0.0,0.0,0.0,0.0,0.0,0.0,0.0,0.0,0.0,1.0,0.0,7.0
Local,650,madrid_hdbscan_5_5,650,5,-3.67344388,40.40319808,-3.6733795,40.4032294,3.599834000018443e-07,13889529.350448892,0.0002751092587058,0.0005003191129644,0.0001839359714683,0.0002458077167221,Yes,,,,,0.2,,0.2,,,,,,,,0.2,,,,,0.2,,,,,,,,,,,,,,,,,,,,,,,,,,,,,,,,,,,,,,,,,,,,,,,,,,,,,,,,,,,,,,,,,,,,,,,,,,,,,,,,,,,,,,,,,,,,,,,,,,,,,,,,,,,,,,,,,,,,,,,,,,,,,,,,,,,,,,,,,,,,,,,,,,,,,,,,,,,,,,,,,,,,,,,,,,,,,,,,,,,,,,,,,,,,,,,,,,,,,,,,,,,,,,,,,,,,"POLYGON ((-3.6737493 40.4028018, -3.6733795 40.4034758, -3.6732152 40.4034194, -3.6733393 40.4032294, -3.6737493 40.4028018))",36.0,45.27,22.02,20386.47,88.1,5795.0,0.0,0.0,0.0,0.0,0.0,0.0,0.0,0.0,0.0,0.0,0.0,0.0,0.0,0.0,0.0,0.0,0.0,0.0,0.0,0.0,0.0,0.0,0.0,0.0,0.0,0.0,0.0,0.0,0.0,0.0,0.0,0.0,0.0,0.0,1.0,0.0,7.0
Mixed,693,madrid_hdbscan_5_5,693,9,-3.680742416288261,40.42986018098491,-3.6807862,40.429991,2.011282479997779e-06,4474756.822825771,0.0005075314530782,0.0011790765927712,0.0003953936796668,0.0004325409963426,Yes,0.111,,0.111,,,0.111,0.111,0.111,,,,,,,,,0.111,,,,,,,,,,,,,0.111,,,,,,,,,,,,,,,,,,,,,,,,,,,,,,,,,,,,,,,,,,,,,,,,,,,,,,,,,,,,,,,,,,,,,,,,,,,,,,,,,,,,,,,,,,,,,,,,,,,,,,,,,,,,,,,,,,,,,,,,,,,,,,,,,,,,,,,,,,,,,,,,,,,,,,,,,,,,,,,,,,,,,,,,,,,,,,,,,,,,,,,,,,,,,,,,,,,,,,,,,,"POLYGON ((-3.6814323 40.428904, -3.6810407 40.4302191, -3.680942 40.4303394, -3.6804408 40.43031, -3.6800311 40.4295546, -3.6814323 40.428904))",151.0,46.41,27.41,34765.0,88.1,5117.0,0.0,0.0,0.0,0.0,0.0,0.0,0.0,0.0,0.0,0.0,0.0,0.0,0.0,0.0,0.0,0.0,0.0,0.0,0.0,0.0,0.0,0.0,0.0,0.0,0.0,0.0,0.0,0.0,0.0,0.0,0.0,0.0,0.0,0.0,0.0,2.0,5.0
Ignore,698,madrid_hdbscan_5_5,698,8,-3.676281279653525,40.44000498388285,-3.6763395299674926,40.44000865046903,4.68125029189165e-07,17089451.53788663,0.0002938767607249,0.0006560002671684,0.0003449309658926,0.0001095577069202,No,,,,,,,,,,,0.125,,,,,,,,,,,,,,,,,,,,,,,,,,,,,,,,,,,,,,,,,,,,,,,,,,,,,,,,,,,,,,,,,,,,,,,,,,,,,,,,,,,,,,,,,,,,,,,,,,,,,,,,,,,,,,,,,,,,,,,,,,,,,,,,,,,,,,,,,,,,,,,,,,,,,,,,,,,,,,,,,,,,,,,,,,,,,,,,,,,,,,,,,,,,,,,,,,,,,,,,,,,,,,,,,,,,,,,,,,,,,"POLYGON ((-3.6759909 40.4398176, -3.676882179743331 40.439917312921644, -3.676332 40.4401903, -3.675626142637937 40.439971341033214, -3.6759909 40.4398176))",87.0,45.5,21.1,19474.0,88.1,6081.0,0.0,0.0,0.0,0.0,0.0,0.0,0.0,0.0,0.0,0.0,0.0,0.0,0.0,0.0,0.0,0.0,0.0,0.0,0.0,0.0,0.0,0.0,0.0,0.0,0.0,0.0,0.0,0.0,0.0,0.0,0.0,0.0,0.0,0.0,0.0,0.0,31.0
Urban,760,madrid_hdbscan_5_5,760,31,-3.6914803129032254,40.43563068387097,-3.6914708,40.4356121,2.529082289994245e-06,12257410.572461264,0.0005758893440895,0.0011135084179672,0.0004112488648807,0.0004724000704,Yes,,,0.226,,,0.032,0.161,0.097,,,0.097,,,,0.065,,,,0.032,,,,0.032,,,,0.032,,,0.032,,,,,,,,,,0.032,,,,,,,,,,,,,,,,,,,,,,,,,,,,,,,0.032,,,,,,,,,,,,,,,,,,,,,,,,,,,,,,,,,,,,,,,,,,,,,,,,,,,,,,,,,,,,,,,,,,,,,,,,,,,,,,,,,,,,,,,,,,,,,,,,,,,,,,,,,,,,,,,,,,,,,,,,,,,,,,,,,,,,,,,,,,,,,,,,,,,,,,,,,,,,,,,,,"POLYGON ((-3.6914801 40.4349579, -3.6923909 40.4349898, -3.692512 40.4353934, -3.691469 40.4363952, -3.6907879 40.4364248, -3.6910653 40.4355293, -3.6914801 40.4349579))",209.0,45.19,23.77,34186.9,88.1,4149.0,0.0,0.0,1.0,0.0,0.0,0.0,0.0,1.0,0.0,0.0,0.0,0.0,0.0,0.0,0.0,0.0,0.0,0.0,0.0,0.0,0.0,0.0,0.0,0.0,0.0,0.0,0.0,0.0,0.0,0.0,0.0,0.0,0.0,0.0,1.0,1.0,8.0
Local,767,madrid_hdbscan_5_5,767,12,-3.7101017,40.44958400833333,-3.71013275,40.4495329,1.269049249999164e-06,9455897.791207004,0.0004624755698464,0.0009417769587686,0.0004478182462413,0.0002335866593592,Yes,,0.083,,0.083,,0.083,0.083,,,,,,,,0.167,,,,0.083,,,,,,,,0.083,,,,,,,,,,,,,,,,,,,,,,,,,,,,,,,0.083,0.083,,,,,,,,,,,,,,,,,,,,,,,,,,,,,,,,,,,,,,,,,,,,,,,,,,,,,,,,,,,,,,,,,,,,,,,,,0.083,,,,,,,,,,,,,,,,,,,,,,,,,,,,,,,,,,,,,,,,,,,,,,,,,,,,,,,,,,,,,,,,,,,,,,,,,,,,,,,,,,,,,,,,,,,,,,,,,,,,"POLYGON ((-3.7099411 40.4491453, -3.7106556 40.4494119, -3.7107189 40.4497443, -3.7092664 40.450019, -3.7095007 40.4494824, -3.7099411 40.4491453))",150.0,42.99,18.71,18059.99,88.1,4920.0,1.0,1.0,0.0,0.0,0.0,0.0,0.0,0.0,0.0,0.0,0.0,0.0,0.0,0.0,0.0,0.0,1.0,0.0,0.0,0.0,0.0,0.0,0.0,0.0,0.0,0.0,0.0,0.0,0.0,0.0,0.0,0.0,0.0,0.0,0.0,0.0,4.0
Mixed,784,madrid_hdbscan_5_5,784,14,-3.679448091246701,40.43724290524558,-3.67944025,40.43732335,2.0817809907047924e-06,6725010.970179079,0.0005243584091426,0.0009690716429957,0.0004212288160135,0.0004170055894899,No,,,0.143,,,0.071,,,,,0.071,,,,,,,,0.143,,,,,,,,,,,,,,,,,,,,,0.071,,,,,,,,,,,,,,,,,,,,,,,,,,,,,,,,,,,,,,,,,,,,,,,,,,,,,,,,,,,,,,,,,,,,,,,,,,,,,,,,,,,,,,,,,,,,,,,,,,,,,,,,,,,,,,,,,,,,,,,,,,,,,,,,,,,,,,,,,,,,,,,,,,,,,,,,,,,,,,,,,,,,,,,,,,,,,,,,,,,,,,,,,,,,,,,,"POLYGON ((-3.6790105 40.4364289, -3.6794404 40.4367219, -3.680010455509278 40.43718523327143, -3.6800893 40.4376647, -3.6797594 40.4378503, -3.6796645 40.4378207, -3.6789115 40.4373278, -3.678624701019623 40.43673189802136, -3.6790105 40.4364289))",354.0,43.23,21.17,29501.83,88.1,5648.0,0.0,0.0,0.0,0.0,0.0,0.0,0.0,0.0,0.0,0.0,0.0,0.0,0.0,0.0,0.0,0.0,0.0,0.0,0.0,0.0,0.0,0.0,0.0,0.0,0.0,0.0,0.0,0.0,0.0,0.0,0.0,0.0,0.0,0.0,1.0,3.0,12.0
Local,844,madrid_hdbscan_5_5,844,7,-3.703179557142857,40.44475125714286,-3.7031985,40.4447738,2.0935795999936745e-07,33435556.97629625,0.0001841322751196,0.0003836287334099,9.25768538975473e-05,0.0002050222695714,No,,,0.714,,,0.143,,,,,,,,,0.143,,,,,,,,,,,,,,,,,,,,,,,,,,,,,,,,,,,,,,,,,,,,,,,,,,,,,,,,,,,,,,,,,,,,,,,,,,,,,,,,,,,,,,,,,,,,,,,,,,,,,,,,,,,,,,,,,,,,,,,,,,,,,,,,,,,,,,,,,,,,,,,,,,,,,,,,,,,,,,,,,,,,,,,,,,,,,,,,,,,,,,,,,,,,,,,,,,,,,,,,,,,,,,,,,,,,,,,,,"POLYGON ((-3.7030277 40.4444182, -3.7031985 40.4447738, -3.7033336 40.4451026, -3.7030977 40.4445755, -3.7030277 40.4444182))",2.0,46.8,27.1,23780.0,88.1,5015.0,0.0,0.0,0.0,0.0,0.0,0.0,0.0,0.0,0.0,0.0,0.0,0.0,0.0,0.0,0.0,0.0,0.0,0.0,0.0,0.0,0.0,0.0,0.0,0.0,0.0,0.0,0.0,0.0,0.0,0.0,0.0,0.0,0.0,0.0,1.0,0.0,10.0
Local,872,madrid_hdbscan_5_5,872,12,-3.668967641666667,40.425598316666665,-3.6689106,40.4256807,5.635772800005656e-07,21292554.58983009,0.0003417155247316,0.000576695827118,0.0001540116308288,0.0003370874758706,Yes,,,0.083,,,,0.083,,,,0.25,,,,,,,,,,,,,,,,0.083,,,0.333,,,,,,,,,,,,,0.083,,,,,,,,,,,,,,,,,,,,0.083,,,,,,,,,,,,,,,,,,,,,,,,,,,,,,,,,,,,,,,,,,,,,,,,,,,,,,,,,,,,,,,,,,,,,,,,,,,,,,,,,,,,,,,,,,,,,,,,,,,,,,,,,,,,,,,,,,,,,,,,,,,,,,,,,,,,,,,,,,,,,,,,,,,,,,,,,,,,,,,,,,,,,,,,,"POLYGON ((-3.6689497 40.4250219, -3.6693652 40.4256909, -3.66885 40.4261158, -3.6688557 40.4260415, -3.6689497 40.4250219))",100.0,45.68,23.56,26962.58,88.1,8202.0,0.0,0.0,0.0,0.0,0.0,0.0,0.0,0.0,0.0,0.0,0.0,0.0,0.0,0.0,0.0,0.0,0.0,0.0,0.0,0.0,0.0,0.0,0.0,0.0,0.0,0.0,0.0,0.0,0.0,0.0,0.0,0.0,0.0,0.0,0.0,0.0,13.0
Urban,905,madrid_hdbscan_5_5,905,14,-3.6872060142857146,40.42066046428572,-3.6873028,40.420577,9.097932000031116e-07,15388112.375375109,0.0003517673135035,0.0006199079805408,0.000283469211876,0.0002640255225953,Yes,,,0.214,,,,0.071,,,,0.071,,,,,,,,,,0.071,,,,,,,,,0.143,,,,,,,0.071,,,0.071,,,,,,,,,,,,,,,,,,,,,0.071,,,,,,,,,,,,,,,,,,,,,,,,,,,,,,,,,,,,,,,,,,,,,,,,,,,,,,,,,,,,,,,,,,,,,,,,,,,,,,,,,,,,,,,,,,,,,,,,,,,,,,,,,,,,,,,,,,,,,,,,,,,,,,,,,,,,,,,,,,,,,,,,,,,,,,,,,,,,,,,,,,,,,,,,,,,"POLYGON ((-3.6877202 40.4203142, -3.6872931 40.4212478, -3.6868465 40.4210436, -3.6867457 40.4205947, -3.6875926 40.4203482, -3.6877202 40.4203142))",83.0,47.2,26.1,34765.0,88.1,1957.0,0.0,0.0,0.0,0.0,0.0,0.0,0.0,0.0,0.0,0.0,0.0,0.0,0.0,0.0,0.0,0.0,0.0,0.0,0.0,0.0,0.0,0.0,0.0,0.0,0.0,0.0,0.0,0.0,0.0,0.0,0.0,0.0,0.0,0.0,1.0,0.0,5.0
Local,918,madrid_hdbscan_5_5,918,16,-3.70210645,40.45591760625,-3.70212315,40.4559297,6.379076200000784e-07,25082001.685444724,0.0003093809033532,0.0006531068260913,0.0001637070363484,0.0003100837255251,Yes,,,,0.125,,0.062,0.062,0.125,,,,,,,,,0.062,,,,,0.062,,,,,0.062,,,,,,,,,,,,,,,,0.062,,,,,,,,,,,,,,,,,,,,,,,,0.125,,,,,,,,,,,,,,,,,,,,,,,0.125,,,,,,,,,,,,,,,,,,,,,,,,,,,,,,,,,,,,,,,,,,,,,,,,,,,,,,,,,,,,,,,,,,,,,,,,,,,,,,,,,,,,,,,,,,,,,,,,,,,,,,,,,,,,,,,,,,,,,,,,,,,,,,,,,,,,,,,,,,,,,,"POLYGON ((-3.7023764 40.4553229, -3.7022157 40.4557645, -3.7020227 40.4562014, -3.7019603 40.4563365, -3.7019191 40.4564052, -3.701787 40.4561825, -3.7023764 40.4553229))",35.0,45.1,22.97,19180.96,88.1,6786.0,0.0,0.0,0.0,0.0,0.0,0.0,0.0,0.0,0.0,0.0,0.0,0.0,0.0,0.0,0.0,0.0,0.0,0.0,0.0,0.0,0.0,0.0,0.0,0.0,0.0,0.0,0.0,0.0,0.0,0.0,0.0,0.0,0.0,0.0,1.0,0.0,7.0
Local,928,madrid_hdbscan_5_5,928,9,-3.702648879812082,40.45434057369742,-3.7026562,40.4543545,1.1377188708967513e-07,79105658.08674854,0.0001085594789649,0.0002519335850793,6.843028259924662e-05,0.0001228983972922,Yes,,,,,,,,0.444,,,,,,,,0.111,,,,,,,,,,,,,,0.111,,,,,,,,,,,,,,,0.111,,,,,,,,,,,,,,,,,,,,,,0.111,,,,,,,,,,,,,,,,,,,,,,,,,,,,,,,,,,,,,,,,,,,,,,,,,,,,,,,,,,,,,,,,,,,,,,,,,,,,,,,,,,,,,,,,,,,,,,,,,,,,,,,,,,,,,,,,,,,,,,,,,,,,,,,,,,,,,,,,,,,,,,,,,,,,,,,,,,,,,,,,,,,,,"POLYGON ((-3.702509518308744 40.45414546327681, -3.7027143 40.454167, -3.7027676 40.4543786, -3.7025933 40.4545863, -3.702509518308744 40.45414546327681))",22.0,42.91,16.23,19587.19,88.1,5910.0,0.0,0.0,0.0,0.0,0.0,0.0,0.0,0.0,0.0,0.0,0.0,0.0,0.0,0.0,0.0,0.0,0.0,0.0,0.0,0.0,0.0,0.0,0.0,0.0,0.0,0.0,0.0,0.0,0.0,0.0,0.0,0.0,0.0,0.0,1.0,0.0,6.0
Local,960,madrid_hdbscan_5_5,960,15,-3.6872966974795527,40.42720284557077,-3.6873293,40.4270674,8.646869699964954e-07,17347318.186211128,0.0003807947104023,0.0006978425676195,0.0001650751115599,0.0003926953938556,Yes,,,,,,,,,,,,,,,,,,,,,,,,,,,,,,0.4,,,,,,,,,,0.067,,,0.067,,,,,0.133,,,,0.133,,,,,,0.067,,,,,,,,,,,,,,,,,0.067,,,,,,,,,,,,,,,,,,,,,,,,,,,,,,,,,,,,,,,,,,,,,,,,,,,,,,,,,,,,,,,,,,,,,,,,,,,,,,,,,,,,,,,,,,,,,,,,,,,,,,,,,,,,,,,,,,,,,,,,,,,,,,,,,,,,,,,,,,,,,,,,,,,,,,,,,,,,,"POLYGON ((-3.6874084 40.4265837, -3.6875075 40.4267266, -3.6876046 40.4276973, -3.6872671 40.4277726, -3.6868773 40.4277606, -3.687187392208993 40.42696134309586, -3.6874084 40.4265837))",48.0,45.6,24.8,34765.0,88.1,2657.0,0.0,0.0,0.0,0.0,0.0,0.0,0.0,0.0,0.0,0.0,0.0,0.0,0.0,0.0,0.0,0.0,0.0,0.0,0.0,0.0,0.0,0.0,0.0,0.0,0.0,0.0,0.0,0.0,0.0,0.0,0.0,0.0,0.0,0.0,1.0,0.0,3.0
Local,973,madrid_hdbscan_5_5,973,19,-3.711387368421053,40.40611681052631,-3.7113974,40.406155,1.4210820100016335e-06,13370093.96099396,0.000494472098855,0.0009383587306715,0.0005035467772685,0.0002324971666943,Yes,,,0.053,,,0.105,0.053,,,,0.105,,,,0.105,,,,,,0.053,,0.053,,,,0.053,,,0.053,,,,,,,,0.105,,0.105,,,,,,,,,,,,,,,,,,0.053,,,,,,,,,,,,,,,,0.053,,,,,,,,,,,,,,,,,,,,,,,,,,,,,,,,,,,,,,,,,,,,,,,,,,,,,,,,,,,,,,,,,,0.053,,,,,,,,,,,,,,,,,,,,,,,,,,,,,,,,,,,,,,,,,,,,,,,,,,,,,,,,,,,,,,,,,,,,,,,,,,,,,,,,,,,,,,,,,,,,"POLYGON ((-3.7117659 40.4057042, -3.7121741 40.4062361, -3.7122397 40.4065093, -3.7106923 40.4063153, -3.7105993 40.4062988, -3.7104746 40.4062752, -3.7112358 40.4057166, -3.7117659 40.4057042))",282.0,44.07,19.36,20119.75,88.1,6841.0,0.0,0.0,0.0,0.0,0.0,0.0,0.0,0.0,0.0,0.0,0.0,0.0,0.0,0.0,0.0,0.0,0.0,0.0,0.0,0.0,0.0,0.0,0.0,0.0,0.0,0.0,0.0,0.0,0.0,0.0,0.0,0.0,0.0,0.0,1.0,2.0,12.0
Local,974,madrid_hdbscan_5_5,974,9,-3.7088007583633535,40.40317790195867,-3.7087729,40.4031548,8.392730400019503e-07,10723566.194833431,0.0003471774436877,0.0006761732320989,0.0002574840144884,0.0002909759426641,Yes,,0.111,,0.111,,,,,,,,,,,,,,,,,,,,0.111,,,0.111,,,,,0.111,,,,,,,,,,,,,,,,0.111,,,,,,,,0.111,,,,,,,,,,,,0.111,,,,,,,,,,,,,,,,,,,,0.111,,,,,,,,,,,,,,,,,,,,,,,,,,,,,,,,,,,,,,,,,,,,,,,,,,,,,,,,,,,,,,,,,,,,,,,,,,,,,,,,,,,,,,,,,,,,,,,,,,,,,,,,,,,,,,,,,,,,,,,,,,,,,,,,,,,,,,,,,,,,,,,,"POLYGON ((-3.7087729 40.4027131, -3.7092207 40.4030054, -3.7091575 40.403372, -3.7083683 40.4036977, -3.7086198 40.4028487, -3.7087729 40.4027131))",129.0,47.7,23.52,28446.43,88.1,6173.0,0.0,0.0,0.0,0.0,1.0,0.0,0.0,0.0,0.0,0.0,0.0,0.0,0.0,0.0,0.0,0.0,0.0,0.0,0.0,0.0,0.0,0.0,0.0,0.0,0.0,0.0,0.0,0.0,0.0,0.0,0.0,0.0,0.0,0.0,0.0,0.0,6.0
Urban,999,madrid_hdbscan_5_5,999,7,-3.693615442857143,40.4291336,-3.6935854,40.4291329,6.55395179999942e-07,10680579.005784906,0.0003133309023751,0.0006551775247807,0.0001958786275598,0.0003082305167059,Yes,0.143,,0.286,,,,0.143,,,,0.143,,,,,,,,0.143,,,,,,,,,,,,,,,,,,,,,,,,,,,,0.143,,,,,,,,,,,,,,,,,,,,,,,,,,,,,,,,,,,,,,,,,,,,,,,,,,,,,,,,,,,,,,,,,,,,,,,,,,,,,,,,,,,,,,,,,,,,,,,,,,,,,,,,,,,,,,,,,,,,,,,,,,,,,,,,,,,,,,,,,,,,,,,,,,,,,,,,,,,,,,,,,,,,,,,,,,,,,,,,,,,,,,,,,"POLYGON ((-3.693772 40.4286556, -3.6938954 40.4291329, -3.6932568 40.4296819, -3.6935854 40.428827, -3.693772 40.4286556))",32.0,47.61,27.54,34671.03,88.1,2848.0,0.0,0.0,0.0,0.0,0.0,0.0,0.0,0.0,0.0,0.0,0.0,0.0,0.0,0.0,0.0,0.0,0.0,0.0,0.0,0.0,0.0,0.0,0.0,0.0,0.0,0.0,0.0,0.0,0.0,0.0,0.0,0.0,0.0,0.0,0.0,0.0,7.0
Urban,1042,madrid_hdbscan_5_5,1042,7,-3.7098378,40.407723842857145,-3.7098237,40.4076739,2.087925600007781e-07,33526098.82255342,0.000205048934496,0.0003295454212921,0.0001318657325789,0.0001764231346768,Yes,,,,,,,,,,,0.286,,,,,,,,,,,,,0.143,,,,,,,,,,,,,,,,,,,,,,,,,,,,,,,,,,,,,,,,,,,,,,,,,,,,,,,,,,,,,,,,0.143,,,,,,,,,,,,,,,,,,,,,,,,,,,,,,,,0.143,,,,,,,,,,,,,,,,,,,,,,,,,,,,,,,,,,,,,,,,0.143,,,,,,,,,,,,,,,,,,,,,,,,,,,,,,,,,,,,,,,,,,,,,,,,,,,,0.143,,,,,,,,,,,,,,,,,,,,"POLYGON ((-3.7100881 40.4075452, -3.7098926 40.4080488, -3.7097478 40.4077494, -3.7096735 40.4075938, -3.7099197 40.4075543, -3.7100881 40.4075452))",27.0,43.8,16.6,18645.0,88.1,5696.0,0.0,0.0,0.0,0.0,0.0,0.0,0.0,0.0,0.0,0.0,0.0,0.0,0.0,0.0,0.0,0.0,0.0,0.0,0.0,0.0,0.0,0.0,0.0,0.0,0.0,0.0,0.0,0.0,0.0,0.0,0.0,0.0,0.0,0.0,1.0,0.0,10.0
Urban,1083,madrid_hdbscan_5_5,1083,13,-3.6969581042966793,40.424692682539074,-3.6970069,40.4246439,3.536650798413305e-07,36757940.60819452,0.0002179389373803,0.000425946930095,0.000137840418305,0.000204714865092,Yes,,0.077,0.154,,,,,,,,0.077,0.077,,,,,,,0.077,,0.154,,,,,,,,,0.077,,,,,,,,,,,,,,,,,,,,,,,,,,,,,,,,,,,,,,,,,,,0.077,,,,,,,,,,,,,,,,,,,,,,,,,,,,,,,,,,,,,,,,,,,,,,,,,,,,,,,,,,,,,,,,,,,,,,,,,,,,,,,,,,,,,,,0.077,,,,,,,,,,,,,,,,,,,,,,,,,,,,,,,,,,,,,,,,,,,,,,,,,,,,,,,,,,,,,,,,,,,,,,,,"POLYGON ((-3.6970904 40.4243218, -3.6971551 40.4244546, -3.696990773569425 40.4250544809195, -3.6966724 40.4250086, -3.696794082287414 40.42451459208856, -3.6970904 40.4243218))",70.0,43.07,14.19,25440.84,88.1,4610.0,0.0,0.0,0.0,0.0,0.0,0.0,0.0,0.0,0.0,0.0,0.0,0.0,0.0,0.0,0.0,0.0,0.0,0.0,0.0,0.0,0.0,0.0,0.0,0.0,0.0,0.0,0.0,0.0,0.0,0.0,0.0,0.0,0.0,0.0,1.0,0.0,3.0
Mixed,1101,madrid_hdbscan_5_5,1101,11,-3.702194163636363,40.43709274545454,-3.7022996,40.4370419,4.068083600036149e-07,27039758.966365032,0.0002798797101474,0.00049164149145,0.0002664491228008,0.0001447691853435,Yes,,,0.091,,,,,,,,0.091,,,,,,,,,,,,,,,,,,0.091,,,0.273,,,,,,,,,,,,,,,,,,,,,,,,,,,,,,,,,,,0.091,,,,,,,,,,,,,,,,,,,,,,,,,,,,,,,,,,,,,,,,,,,,,,,,,,,,,,,,,,,,,,,,,,,,,,,,,,,,,,,,,,,,,,,,,,,,,,,,,,,,,,,,,,,,,,,,,,,,,,,,,,,,,,,,,,,,,,,,,,,,,,,,,,,,,,,,,,,,,,,,,,,,,"POLYGON ((-3.7023536 40.4368948, -3.7025025 40.4372661, -3.7025404 40.4373834, -3.7017078 40.4370209, -3.7020206 40.4368975, -3.7023536 40.4368948))",62.0,45.15,22.23,24986.23,88.1,6779.0,0.0,0.0,0.0,0.0,0.0,0.0,0.0,0.0,0.0,0.0,0.0,0.0,0.0,0.0,0.0,0.0,0.0,0.0,0.0,0.0,0.0,0.0,0.0,0.0,0.0,0.0,0.0,0.0,0.0,0.0,0.0,0.0,0.0,0.0,0.0,0.0,7.0
Local,1150,madrid_hdbscan_5_5,1150,7,-3.7045155857142857,40.43594688571428,-3.7044969,40.4359646,1.025840199991187e-07,68236748.76515989,0.0001323188053738,0.0002780327557329,6.62533972943597e-05,0.0001404388776909,Yes,,,,0.143,,0.143,,,,,,,,,0.143,0.143,,,,,,,,,,,,,,,,,,,,,,,,0.143,,,,,,,,,,,,,,,,,,,,,,,,,,,,,,,,,,,,,,0.143,,,,,,,,,,,,,,,,,,,,,,,,,,,,,,,,,,,,,,,,,,,,,,,,,,,,,,,,,,0.143,,,,,,,,,,,,,,,,,,,,,,,,,,,,,,,,,,,,,,,,,,,,,,,,,,,,,,,,,,,,,,,,,,,,,,,,,,,,,,,,,,,,,,,,,,,,,,,,"POLYGON ((-3.7045207 40.4356689, -3.7046295 40.4359646, -3.7044836 40.4361283, -3.7044062 40.4360911, -3.7045207 40.4356689))",22.0,45.41,22.95,23855.21,88.1,7167.0,0.0,0.0,0.0,0.0,0.0,0.0,0.0,0.0,0.0,0.0,0.0,0.0,0.0,0.0,0.0,0.0,0.0,0.0,0.0,0.0,0.0,0.0,0.0,0.0,0.0,0.0,0.0,0.0,0.0,0.0,0.0,0.0,0.0,0.0,0.0,0.0,6.0
Urban,1169,madrid_hdbscan_5_5,1169,9,-3.699427811111111,40.410667800000006,-3.6993993,40.4106773,3.772429999999112e-08,238573015.27138,9.64291113802699e-05,0.0001358264583529,6.032041195787411e-05,8.165584962375979e-05,No,,,0.222,0.111,,,,,,,0.333,,,,0.333,,,,,,,,,,,,,,,,,,,,,,,,,,,,,,,,,,,,,,,,,,,,,,,,,,,,,,,,,,,,,,,,,,,,,,,,,,,,,,,,,,,,,,,,,,,,,,,,,,,,,,,,,,,,,,,,,,,,,,,,,,,,,,,,,,,,,,,,,,,,,,,,,,,,,,,,,,,,,,,,,,,,,,,,,,,,,,,,,,,,,,,,,,,,,,,,,,,,,,,,,,,,,,,,,,,,,,,,,"POLYGON ((-3.6993951 40.4105463, -3.6994856 40.4105561, -3.6995051 40.4106773, -3.6994987 40.4107804, -3.6993663 40.4107889, -3.6993496 40.4107052, -3.6993951 40.4105463))",21.0,42.81,14.83,16590.3,88.1,8511.0,0.0,0.0,0.0,0.0,0.0,0.0,0.0,0.0,0.0,0.0,0.0,0.0,0.0,0.0,0.0,0.0,0.0,0.0,0.0,0.0,0.0,0.0,0.0,0.0,0.0,0.0,0.0,0.0,0.0,0.0,0.0,0.0,0.0,0.0,1.0,0.0,2.0
Tourism,1175,madrid_hdbscan_5_5,1175,8,-3.704421816644138,40.41648658505504,-3.704381066576552,40.41648475,1.454352827007544e-07,55007284.69349965,0.000132338545035,0.0002521647864789,0.0001036642312049,0.0001184463032183,Yes,,,0.125,,,,0.125,0.125,,,,,,,,,,,0.125,,,,,,,,,,,,,,,,,,,,,0.125,0.125,,,,,,,,,,,,,,,,,,,,,,,,,,,,,,,,,,,,,,,,,,,,,,,,,,,,,,,,,,,,,,,,,,,,,,,,,,,,,,,,,,,,,,,,,,,,,,,,,,,,,,,,,,,,,,,,,,,,,,,,,,,,,,,,,,,,,,,,,,,,,,,,,,,,,,,,,,,,,,,,,,,,,,,,,,,,,,,,,,,,,,,,,,,,,,,"POLYGON ((-3.7043269 40.4163015, -3.7046601 40.4164051, -3.704402133153105 40.41673798044028, -3.7043469 40.4165508, -3.7043269 40.4163015))",12.0,42.9,16.6,19357.0,88.1,2374.0,0.0,0.0,0.0,0.0,0.0,0.0,0.0,0.0,0.0,0.0,0.0,0.0,0.0,0.0,0.0,0.0,0.0,0.0,0.0,0.0,0.0,1.0,0.0,0.0,0.0,0.0,0.0,0.0,0.0,0.0,0.0,0.0,0.0,0.0,1.0,0.0,3.0
Primary,1185,madrid_hdbscan_5_5,1185,24,-3.708801066666666,40.409900925,-3.7088084,40.4099827,1.139807669996325e-06,21056183.97889652,0.0003447367313338,0.0006621970804814,0.0002222707576858,0.0003182080651209,Yes,0.042,,0.125,,,,,,,,0.208,,,,,,,,0.042,,0.042,0.042,,,,,0.042,,,0.042,,,,,,,,,,,,,,,,,,,,,,,,,,,,,,,,,,,,,,0.167,,,,,,,,,,,,,,,,,,,,0.042,,,,,,,,,,,,,,0.042,,,,,,,,,,,0.042,,,,,,,,,,,,,,,,,,,,,,,,,,,,,,0.042,,,,,,,,,,,0.083,,,,,,,,,,,,,,,,,,,,,,,,,,,,,,,,,,,,,,,,,,,,,,,,,,,,,,,,,,,,,,,,,,,,,,,,,,,,,,"POLYGON ((-3.7086761 40.4093159, -3.7088119 40.4094612, -3.7092689 40.4101072, -3.7091356 40.410261, -3.7088396 40.410562, -3.7083542 40.409751, -3.7083881 40.4095183, -3.7086761 40.4093159))",320.0,42.43,13.01,18629.98,88.1,8242.0,0.0,0.0,0.0,0.0,0.0,0.0,0.0,0.0,0.0,0.0,0.0,0.0,0.0,0.0,0.0,0.0,0.0,0.0,0.0,0.0,0.0,0.0,0.0,0.0,0.0,0.0,0.0,0.0,0.0,0.0,0.0,0.0,0.0,0.0,1.0,0.0,6.0
Tourism,1188,madrid_hdbscan_5_5,1188,24,-3.707807266292456,40.41097497187031,-3.7078747,40.41095365,4.529181100022975e-07,52989711.5394177,0.00023538876287,0.0004411909298818,0.0002165779206984,0.0001450123707716,Yes,,0.042,0.208,0.042,,,0.042,0.042,,,0.042,,,0.042,0.083,,,,0.125,,0.042,0.042,,,,0.042,,,,,,0.042,,,,,,,,,,,,,0.042,,,,,,,,,,,,,,,,,,,,,,,,,0.042,,,,,,,,,,,,,0.042,,,,,,,,,,0.042,,,,,,,,,,,,,,,,,,,,,,,,,,,,,,,,,,,,,,,,,,,,,,,,,,,,,,,,,,,,,,,,,,,,,,,,,,,,,,,,,,,,,,,,,,,,,,,,,,,,,,,,,,,,,,,,,,,,,,,,,,,,,,,,,,,,,,,,,,,"POLYGON ((-3.7074954 40.4106629, -3.708101 40.4109702, -3.7081072 40.4110983, -3.7079597 40.4113326, -3.7074309 40.4110324, -3.7074954 40.4106629))",77.0,42.44,13.24,21057.76,88.1,6775.0,0.0,0.0,0.0,0.0,0.0,0.0,1.0,0.0,0.0,0.0,0.0,0.0,0.0,0.0,0.0,0.0,0.0,0.0,0.0,0.0,0.0,0.0,0.0,0.0,0.0,0.0,0.0,0.0,0.0,0.0,0.0,0.0,0.0,0.0,1.0,0.0,5.0
Tourism,1242,madrid_hdbscan_5_5,1242,24,-3.703151674999999,40.4160551875,-3.70316145,40.4161082,3.165164599993986e-07,75825440.48434511,0.0003014925215367,0.0005034200540084,7.269713571848582e-05,0.0003182699500318,Yes,,,0.042,,,,,,,,,,0.083,,,,0.167,,0.125,,,,,,,,,,,0.167,,0.042,,,,,,,,,,,0.042,,,,,,0.042,,,,,,,,,,,,,,,,,,,,,,,,,,,,,,,,,,0.042,,,,,,,,,,,,,,,,,,,,,,,,,,,,,,,,,,,,,,,,,,,,0.042,,,,,,,,,,,,,,,,,,,,,,,,,,,,,,,,,,,,,,,,,,,,,,,,,,,,,,,,,,,,,,,,,,,,,,,,,,,,,,0.042,,,,,,,,,,,,,,,,,,,,,,,,,,,"POLYGON ((-3.7031574 40.4155518, -3.7033244 40.4156672, -3.7033266 40.4157729, -3.7031723 40.4165281, -3.7030606 40.4164716, -3.7030024 40.4157857, -3.7030334 40.4156561, -3.7031574 40.4155518))",25.0,41.6,13.19,16487.02,88.1,2864.0,0.0,0.0,0.0,0.0,0.0,0.0,0.0,0.0,0.0,0.0,0.0,0.0,0.0,0.0,0.0,0.0,0.0,0.0,0.0,0.0,0.0,0.0,0.0,0.0,0.0,0.0,0.0,0.0,0.0,0.0,0.0,0.0,0.0,0.0,2.0,0.0,5.0
Urban,1249,madrid_hdbscan_5_5,1249,6,-3.702443883333333,40.41506086666667,-3.7024675,40.41505345,8.802158999919488e-08,68165094.49618986,0.0001200799067558,0.0002535306386288,9.46604003207878e-05,0.0001010010175957,Yes,,,0.5,,,,,0.167,,,,,,,,,,,0.167,0.167,,,,,,,,,,,,,,,,,,,,,,,,,,,,,,,,,,,,,,,,,,,,,,,,,,,,,,,,,,,,,,,,,,,,,,,,,,,,,,,,,,,,,,,,,,,,,,,,,,,,,,,,,,,,,,,,,,,,,,,,,,,,,,,,,,,,,,,,,,,,,,,,,,,,,,,,,,,,,,,,,,,,,,,,,,,,,,,,,,,,,,,,,,,,,,,,,,,,,,,,,,,,,,,,,,,,"POLYGON ((-3.7022605 40.4148858, -3.7025265 40.4150417, -3.7025402 40.4151546, -3.7024442 40.4152005, -3.7022605 40.4148858))",6.0,40.95,10.95,18947.3,88.1,2982.0,0.0,0.0,0.0,0.0,0.0,0.0,0.0,0.0,0.0,0.0,0.0,0.0,0.0,0.0,0.0,0.0,0.0,0.0,0.0,0.0,0.0,0.0,0.0,0.0,0.0,0.0,0.0,0.0,0.0,0.0,0.0,0.0,0.0,0.0,0.0,0.0,5.0
Tourism,1276,madrid_hdbscan_5_5,1276,34,-3.7028304352941177,40.41774872647059,-3.70281135,40.41771875,6.106203599972733e-07,55681078.17458269,0.0002989458157992,0.0005942310316699,0.0001418003772548,0.0003085182455361,Yes,,,0.118,0.059,,0.029,,,,,0.059,,0.059,,0.029,,0.206,,0.059,,,,,,,,,,,0.118,,,,,,,,,,,,,,,,,,,,,,,,,,,,,,,,,,,,,0.029,,,,,,,,,,,,,,,,0.029,,,,,,,,,,,,,,,,,,,,,,,,,,,,,,,,,,,,,,,,,,,,,,,,,,,,,,,,,,,0.059,,,,,,,,,,,,,,,,,,,,,,,,,,,,,,,,,,,,,,,,,,,,,,,,,,,,,0.059,,,,,,,,,,,,,,,,,,,,,,,,,,,,,,,,,,,,,"POLYGON ((-3.7029605 40.417202, -3.7030923 40.4173277, -3.7031236 40.418183, -3.7030273 40.4183094, -3.7028871 40.4182774, -3.7027242 40.4182257, -3.7026315 40.4181863, -3.7025722 40.4179489, -3.702694 40.4176738, -3.7029605 40.417202))",47.0,41.3,12.4,15819.0,88.1,2701.0,0.0,0.0,0.0,0.0,0.0,0.0,0.0,0.0,0.0,0.0,0.0,0.0,0.0,1.0,0.0,0.0,0.0,0.0,0.0,0.0,0.0,1.0,0.0,0.0,0.0,0.0,1.0,0.0,0.0,0.0,0.0,0.0,0.0,0.0,2.0,0.0,2.0
Urban,1328,madrid_hdbscan_5_5,1328,24,-3.705895704166666,40.42222690416667,-3.70586485,40.4222356,4.818187800049373e-07,49811258.9130587,0.0002601568177516,0.0005355857829203,0.0002477916387464,0.0001651548326047,Yes,,,0.25,0.042,,,,,,,0.042,,,0.083,,,,,0.042,,0.042,,0.042,,,,,,,,,0.333,,,,,,,,,,,,,,,,,,,,,,,0.042,,,,,,,,,,,,,,,,,,,,,,,0.042,,,,,,,,,,,,,,,,,,,,,,,,,0.042,,,,,,,,,,,,,,,,,,,,,,,,,,,,,,,,,,,,,,,0.042,,,,,,,,,,,,,,,,,,,,,,,,,,,,,,,,,,,,,,,,,,,,,,,,,,,,,,,,,,,,,,,,,,,,,,,,,,,,,,,,,,,,,,,,,,"POLYGON ((-3.7056153 40.4219441, -3.7063734 40.4224691, -3.706284 40.4225192, -3.7057552 40.4222973, -3.7055356 40.4219949, -3.7056153 40.4219441))",47.0,42.65,14.11,20848.51,88.1,5642.0,0.0,0.0,0.0,0.0,0.0,0.0,0.0,0.0,0.0,0.0,0.0,0.0,0.0,0.0,0.0,0.0,0.0,0.0,0.0,0.0,0.0,0.0,0.0,0.0,0.0,0.0,0.0,0.0,0.0,0.0,0.0,0.0,0.0,0.0,1.0,0.0,7.0
