param_config,cluster_label,num_points,avg_lon,avg_lat,median_lon,median_lat,bounding_box_area,density,radius_avg,radius_max,std_lon,std_lat,has_shop,shop_rel_convenience,amenity_rel_pharmacy,amenity_rel_post_box,amenity_rel_cafe,amenity_rel_school,amenity_rel_doctors,amenity_rel_restaurant,shop_rel_kiosk,amenity_rel_community_centre,shop_rel_bakery,shop_rel_supermarket,amenity_rel_pub,amenity_rel_bank,amenity_rel_library,shop_rel_tobacco,shop_rel_hardware,shop_rel_appliance,shop_rel_hairdresser,amenity_rel_bench,amenity_rel_veterinary,amenity_rel_clinic,amenity_rel_taxi,shop_rel_frozen_food,shop_rel_electrical,shop_rel_car,shop_rel_truck,shop_rel_caravan,shop_rel_tyres,amenity_rel_car_rental,amenity_rel_charging_station,amenity_rel_post_office,amenity_rel_dentist,shop_rel_greengrocer,shop_rel_butcher,amenity_rel_bar,amenity_rel_fast_food,shop_rel_copyshop,shop_rel_beauty,shop_rel_dry_cleaning,shop_rel_florist,amenity_rel_college,amenity_rel_hospital,shop_rel_confectionery,shop_rel_furniture,shop_rel_optician,shop_rel_bed,shop_rel_curtain,shop_rel_kitchen,shop_rel_electronics,amenity_rel_atm,shop_rel_doityourself,shop_rel_sports,shop_rel_fabric,shop_rel_car_repair,amenity_rel_cinema,shop_rel_bicycle,shop_rel_pastry,shop_rel_shoes,shop_rel_clothes,shop_rel_trade,shop_rel_laundry,amenity_rel_theatre,shop_rel_boutique,shop_rel_travel_agency,shop_rel_alcohol,shop_rel_bathroom_furnishing,shop_rel_bag,shop_rel_cosmetics,shop_rel_jewelry,shop_rel_mobile_phone,shop_rel_interior_decoration,shop_rel_variety_store,shop_rel_houseware,shop_rel_fashion_accessories,shop_rel_mall,shop_rel_gift,shop_rel_wine,amenity_rel_bureau_de_change,shop_rel_garden_centre,amenity_rel_research_institute,shop_rel_newsagent,shop_rel_books,shop_rel_toys,shop_rel_deli,shop_rel_stationery,shop_rel_motorcycle,shop_rel_car_parts,shop_rel_coffee,shop_rel_pet,shop_rel_boat,shop_rel_lottery,shop_rel_fuel,shop_rel_nutrition_supplements,shop_rel_party,shop_rel_second_hand,shop_rel_yes,shop_rel_paint,shop_rel_shoe_repair,shop_rel_model,amenity_rel_events_venue,shop_rel_pet_grooming,amenity_rel_language_school,shop_rel_computer,shop_rel_seafood,shop_rel_beverages,shop_rel_department_store,amenity_rel_university,shop_rel_bookmaker,shop_rel_funeral_directors,shop_rel_telecommunication,amenity_rel_telephone,shop_rel_watches,shop_rel_locksmith,shop_rel_e-cigarette,shop_rel_perfumery,shop_rel_chemist,shop_rel_health_food,shop_rel_ticket,shop_rel_tailor,amenity_rel_social_facility,shop_rel_medical_supply,shop_rel_lighting,amenity_rel_music_school,amenity_rel_arts_centre,shop_rel_haberdashery,shop_rel_tattoo,shop_rel_charity,shop_rel_storage_rental,shop_rel_frame,shop_rel_massage,shop_rel_photo,shop_rel_herbalist,shop_rel_hvac,shop_rel_art,shop_rel_general,shop_rel_musical_instrument,shop_rel_vacant,shop_rel_window_blind,shop_rel_grocery,shop_rel_sewing,amenity_rel_place_of_worship,shop_rel_music,amenity_rel_marketplace,shop_rel_gas,shop_rel_new_age,shop_rel_video_games,shop_rel_erotic,shop_rel_antiques,shop_rel_religion,shop_rel_collector,shop_rel_tea,shop_rel_craft,shop_rel_tiles,shop_rel_orthopedics,shop_rel_religion;candles,shop_rel_esoteric,shop_rel_locksmith;shoe_repair,shop_rel_camera,shop_rel_anime,shop_rel_repair,shop_rel_weapons,shop_rel_motorcycle_repair,shop_rel_farm,shop_rel_hearing_aids,amenity_rel_exhibition_centre,amenity_rel_parcel_locker,amenity_rel_trade_school,amenity_rel_coworking_space,amenity_rel_public_bath
Malaga_hdbscan_5_5,0,8,-4.317989717729813,36.76997040543588,-4.320406483919108,36.770736400000004,0.00014519689147582987,55097.598293498704,0.003992997871665163,0.01548773709277932,0.005337917434688046,0.002571280113379875,Yes,0.125,0.25,0.125,0.125,0.125,0.125,,,,,,,,,,,,,,,,,,,,,,,,,,,,,,,,,,,,,,,,,,,,,,,,,,,,,,,,,,,,,,,,,,,,,,,,,,,,,,,,,,,,,,,,,,,,,,,,,,,,,,,,,,,,,,,,,,,,,,,,,,,,,,,,,,,,,,,,,,,,,,,,,,,,,,,,,,,,,,,,,,,
Malaga_hdbscan_5_5,1,14,-4.375980713788461,36.80761829076551,-4.37862835,36.81095633689796,0.0021750303503798893,6436.691790325946,0.01757913224150905,0.03842352928818008,0.009820611669492248,0.017115670909994607,No,,,,,,,0.357,,,,,,,,,,,,,,,,,,,,,,,,,,,,,,,,,,,,,,,,,,,,,,,,,,,,,,,,,,,,,,,,,,,,,,,,,,,,,,,,,,,,,,,,,,,,,,,,,,,,,,,,,,,,,,,,,,,,,,,,,,,,,,,,,,,,,,,,,,,,,,,,,,,,,,,,,,,,,,,,,,
Malaga_hdbscan_5_5,2,7,-4.548108766097502,36.70848048893581,-4.549608419811922,36.70902411202815,2.0225333107379977e-05,346100.60377427284,0.002361276393378455,0.004052379454629486,0.0023137971140653325,0.001245823453898357,Yes,,0.143,0.143,,0.143,,,0.143,0.143,,,,,,,,,,,,,,,,,,,,,,,,,,,,,,,,,,,,,,,,,,,,,,,,,,,,,,,,,,,,,,,,,,,,,,,,,,,,,,,,,,,,,,,,,,,,,,,,,,,,,,,,,,,,,,,,,,,,,,,,,,,,,,,,,,,,,,,,,,,,,,,,,,,,,,,,,,,,,,,,
Malaga_hdbscan_5_5,3,15,-4.567079822707282,36.732777953877914,-4.567768602842505,36.7328951,1.819264568706243e-05,824508.9943496862,0.0015570042069315904,0.004838492885059837,0.001624197543871099,0.0008858594238868044,Yes,,0.067,,,0.067,0.067,0.067,,0.067,0.133,0.067,0.067,0.067,0.067,,,,,,,,,,,,,,,,,,,,,,,,,,,,,,,,,,,,,,,,,,,,,,,,,,,,,,,,,,,,,,,,,,,,,,,,,,,,,,,,,,,,,,,,,,,,,,,,,,,,,,,,,,,,,,,,,,,,,,,,,,,,,,,,,,,,,,,,,,,,,,,,,,,,,,,,,,,
Malaga_hdbscan_5_5,4,23,-4.537007746744629,36.722966747710096,-4.537372,36.7228202,3.0739112865335206e-05,748232.3937180804,0.001674906752097416,0.004674389745517946,0.0017408700405683927,0.001014473634028262,Yes,,0.043,,,0.087,,0.043,0.087,,,,,0.043,,0.087,0.043,0.043,0.043,0.043,0.043,0.043,0.043,,,,,,,,,,,,,,,,,,,,,,,,,,,,,,,,,,,,,,,,,,,,,,,,,,,,,,,,,,,,,,,,,,,,,,,,,,,,,,,,,,,,,,,,,,,,,,,,,,,,,,,,,,,,,,,,,,,,,,,,,,,,,,,,,,,,,,,,,,,,,,,,,,,
Malaga_hdbscan_5_5,5,20,-4.514315743410628,36.7080224062867,-4.5158778,36.70737926696839,0.0003278937661736216,60995.365155584834,0.00576755723579188,0.013260730874666603,0.004870862328347918,0.004158988294850066,Yes,,,,,0.05,,,,0.1,,,,,,,,,,,,,0.05,0.05,0.05,0.05,0.05,0.05,0.05,0.05,,,,,,,,,,,,,,,,,,,,,,,,,,,,,,,,,,,,,,,,,,,,,,,,,,,,,,,,,,,,,,,,,,,,,,,,,,,,,,,,,,,,,,,,,,,,,,,,,,,,,,,,,,,,,,,,,,,,,,,,,,,,,,,,,,,,,,,,,,,,
Malaga_hdbscan_5_5,6,6,-4.548123354199009,36.7363791154576,-4.54788475,36.73618999999999,5.19351669417466e-06,1155286.5530845288,0.0009723198025319016,0.0018912206170975175,0.0008997571785014435,0.0006685776948521866,No,,,,,,,0.167,,,,,,,,,,,,,,,,,,,,,,,0.167,,,,,,,,,,,,,,,,,,,,,,,,,,,,,,,,,,,,,,,,,,,,,,,,,,,,,,,,,,,,,,,,,,,,,,,,,,,,,,,,,,,,,,,,,,,,,,,,,,,,,,,,,,,,,,,,,,,,,,,,,,,,,,,,,,,,,,,,,,,
Malaga_hdbscan_5_5,7,40,-4.555593018092103,36.73674765536826,-4.555897481787953,36.73696305,3.876900192996035e-05,1031752.1217663421,0.002383533556591169,0.003952419621284993,0.001792333829359094,0.0017705192219471695,No,,,,,,,0.1,,,,,,,,,,,,,,,0.025,,,,,,,,0.025,,,,,,,,,,,,,,,,,,,,,,,,,,,,,,,,,,,,,,,,,,,,,,,,,,,,,,,,,,,,,,,,,,,,,,,,,,,,,,,,,,,,,,,,,,,,,,,,,,,,,,,,,,,,,,,,,,,,,,,,,,,,,,,,,,,,,,,,,,,
Malaga_hdbscan_5_5,8,8,-4.544818531855505,36.727818955390916,-4.54488445,36.72788854265991,5.508511763982831e-07,14522978.878447095,0.00041245626743074217,0.0006794123530782335,0.00039983215892771656,0.00017014737814762614,No,,,,,,,,,0.125,,,,0.125,0.125,,,,,,,,,,,,,,,,,0.125,0.125,,,,,,,,,,,,,,,,,,,,,,,,,,,,,,,,,,,,,,,,,,,,,,,,,,,,,,,,,,,,,,,,,,,,,,,,,,,,,,,,,,,,,,,,,,,,,,,,,,,,,,,,,,,,,,,,,,,,,,,,,,,,,,,,,,,,,,,,,
Malaga_hdbscan_5_5,9,7,-4.474082229807355,36.650525818146185,-4.4739872,36.65149131446218,5.977542496321768e-06,1171049.8092330405,0.0015975451872719463,0.0031790719734056945,0.000365552795183034,0.0017609696166980308,No,,,,0.143,,,0.429,,,,,,,,,,,,,,,,,,,,,,,,,,,,,,,,,,,,,,,,,,,,,,,,,,,,,,,,,,,,,,,,,,,,,,,,,,,,,,,,,,,,,,,,,,,,,,,,,,,,,,,,,,,,,,,,,,,,,,,,,,,,,,,,,,,,,,,,,,,,,,,,,,,,,,,,,,,,,,,,,,
Malaga_hdbscan_5_5,10,18,-4.54787163275785,36.72848344981916,-4.548163230306018,36.72860695,3.1920451428806167e-06,5639017.994512493,0.0007182597363605568,0.0014458081614420288,0.0007579644569509299,0.00030803672132489107,Yes,0.056,,,0.056,0.056,,0.222,0.056,0.056,,,,0.056,,,,,0.056,,,,,,,,,,,,,,,0.056,0.056,0.111,,,,,,,,,,,,,,,,,,,,,,,,,,,,,,,,,,,,,,,,,,,,,,,,,,,,,,,,,,,,,,,,,,,,,,,,,,,,,,,,,,,,,,,,,,,,,,,,,,,,,,,,,,,,,,,,,,,,,,,,,,,,,,,,,,,,,,
Malaga_hdbscan_5_5,11,8,-4.5478822625,36.729851125,-4.54781995,36.729825399999996,5.449046399978862e-07,14681467.935437353,0.00026871209181223804,0.0007965412902232651,0.0003252783190497153,0.0001427502692642203,Yes,,,,0.125,,,0.125,,,,,0.125,,,,,,0.125,,,,,,,,,,,,,,,,,,0.25,,,,,,,,,,,,,,,,,,,,,,,,,,,,,,,,,,,,,,,,,,,,,,,,,,,,,,,,,,,,,,,,,,,,,,,,,,,,,,,,,,,,,,,,,,,,,,,,,,,,,,,,,,,,,,,,,,,,,,,,,,,,,,,,,,,,,
Malaga_hdbscan_5_5,12,21,-4.381117563383143,36.73754908254822,-4.3808744,36.7377228,3.634808419342345e-05,577747.0935813333,0.0009789658502385515,0.007013537553070918,0.000822379676860793,0.0016212380186696586,Yes,,0.048,,,0.048,,0.19,,,,0.048,,,,,0.048,,,,,,,,,,,,,,,,0.048,,,,0.095,0.048,0.048,0.048,0.048,0.048,0.048,,,,,,,,,,,,,,,,,,,,,,,,,,,,,,,,,,,,,,,,,,,,,,,,,,,,,,,,,,,,,,,,,,,,,,,,,,,,,,,,,,,,,,,,,,,,,,,,,,,,,,,,,,,,,,,,,,,,,,,,,,,,,,,
Malaga_hdbscan_5_5,13,19,-4.4622009770967095,36.66453644166717,-4.461797216834807,36.66439589255058,5.411666223192937e-05,351093.34567921323,0.0027762569255295848,0.006254718198529176,0.002818413590351236,0.0013450758426939247,Yes,,0.053,0.053,0.053,,,0.316,,,,0.053,0.053,,,,,,0.053,,0.053,,0.053,,,,,,,,,,,,,,,,0.053,,,,,0.053,,,,,,,,,,,,,,,,,,,,,,,,,,,,,,,,,,,,,,,,,,,,,,,,,,,,,,,,,,,,,,,,,,,,,,,,,,,,,,,,,,,,,,,,,,,,,,,,,,,,,,,,,,,,,,,,,,,,,,,,,,,,,,
Malaga_hdbscan_5_5,14,14,-4.482234846559557,36.65925524720279,-4.4818146,36.6593942,9.07820934865471e-06,1542154.3458980317,0.001032337408143412,0.0029163388881214645,0.0009144630184262956,0.0007686758856404251,Yes,,,,,,,,,,,,,,,,,,,,,,,,,,,,,,0.071,,,,,,0.071,,,,,,,,0.429,0.071,0.071,0.071,0.071,0.071,0.071,,,,,,,,,,,,,,,,,,,,,,,,,,,,,,,,,,,,,,,,,,,,,,,,,,,,,,,,,,,,,,,,,,,,,,,,,,,,,,,,,,,,,,,,,,,,,,,,,,,,,,,,,,,,,,,,,,,,,,,
Malaga_hdbscan_5_5,15,30,-4.47236337728216,36.66779710820401,-4.4722650357548215,36.667951366805504,3.322961138590944e-05,902809.2339569487,0.002217331857818737,0.005378462728983762,0.002412002812577793,0.0007843729906833296,Yes,0.033,,0.033,0.033,0.033,,0.1,,0.067,,0.033,,,,,,,,,,,,,,0.033,,,,0.033,0.267,,,,,,0.033,,,,,,,,,,,,0.033,,,0.033,0.033,0.033,,,,,,,,,,,,,,,,,,,,,,,,,,,,,,,,,,,,,,,,,,,,,,,,,,,,,,,,,,,,,,,,,,,,,,,,,,,,,,,,,,,,,,,,,,,,,,,,,,,,,,,,,,,,,,,,,,,,
Malaga_hdbscan_5_5,16,11,-4.488061642896115,36.694111928918794,-4.4884728,36.6933332,3.863188945334672e-05,284738.8557912499,0.0028893999926832004,0.004138806312321376,0.0019816384764526295,0.0021813941265896746,Yes,,,0.091,0.091,,,,0.091,,,,,,,,0.091,,,,,,0.091,,,,,,,,,,,,,,,,,,,,,,,,,,,,,,,,0.091,0.091,,,,,,,,,,,,,,,,,,,,,,,,,,,,,,,,,,,,,,,,,,,,,,,,,,,,,,,,,,,,,,,,,,,,,,,,,,,,,,,,,,,,,,,,,,,,,,,,,,,,,,,,,,,,,,,,,,
Malaga_hdbscan_5_5,17,71,-4.483103392017776,36.738733117946154,-4.481827,36.7390342,0.00031196982236614994,227586.11541814246,0.0050267293663648766,0.012863310606344377,0.004433614562430983,0.003920985632200475,Yes,,0.056,0.014,,0.113,0.014,0.056,0.014,0.028,0.028,0.056,,0.014,0.014,,0.014,,,,,0.014,0.014,,0.014,,,,,,0.014,0.014,,,,,,,,,0.014,,,,,,,,,,,,,,,,0.014,0.014,0.014,0.014,0.014,0.014,0.014,,,,,,,,,,,,,,,,,,,,,,,,,,,,,,,,,,,,,,,,,,,,,,,,,,,,,,,,,,,,,,,,,,,,,,,,,,,,,,,,,,,,,,,,,,,,,,,,,,,,,,,,,,,
Malaga_hdbscan_5_5,18,14,-4.50841767277417,36.672826724635925,-4.508819893071113,36.67269473543242,1.4752242901019635e-05,949008.2351499485,0.0014175709817054302,0.002888118184950925,0.0009566457568677665,0.0012072922573754465,Yes,,0.071,,,0.071,,,0.071,,,0.071,0.143,,,,,,0.071,,,,,,,,,,,,,,,,,,,,,,,,,,,,,,,,,,,,,,,,,,,,,0.071,0.071,0.071,,,,,,,,,,,,,,,,,,,,,,,,,,,,,,,,,,,,,,,,,,,,,,,,,,,,,,,,,,,,,,,,,,,,,,,,,,,,,,,,,,,,,,,,,,,,,,,,,,,,,,,,
Malaga_hdbscan_5_5,19,7,-4.476216514285714,36.66024395714286,-4.4761371,36.659908,9.327833200005874e-07,7504422.356089721,0.00046030220390311976,0.0010223873059968462,0.00020769661547934248,0.0004925477463651853,Yes,,,,,,,,,,,,,,,,,,,,,,,,,,,,,,0.571,,,,,,,,,,,,,,,,,,,,,,,,,,,,,0.143,,,,,,,0.143,,,,,,,,,,,,,,,,,,,,,,,,,,,,,,,,,,,,,,,,,,,,,,,,,,,,,,,,,,,,,,,,,,,,,,,,,,,,,,,,,,,,,,,,,,,,,,,,,,,,,,,
Malaga_hdbscan_5_5,20,83,-4.47754057912612,36.65743648034879,-4.4774882,36.6574583,1.563276292075557e-05,5309362.165903581,0.001166978135621479,0.0026962513357696584,0.0008967129598823516,0.0009116168585435988,Yes,,0.012,0.012,0.012,,,0.036,,,,0.012,,,,,,,0.012,,,,0.012,,,,,,,,0.024,,,,,,0.084,,,,,,,,,0.024,,,,0.024,0.024,,0.024,,,0.012,,,0.06,0.446,,,,,,,,0.024,0.024,0.024,0.012,0.012,0.012,0.012,0.012,0.012,,,,,,,,,,,,,,,,,,,,,,,,,,,,,,,,,,,,,,,,,,,,,,,,,,,,,,,,,,,,,,,,,,,,,,,,,,,,,,,,,,,,,,,,,,,,,,
Malaga_hdbscan_5_5,21,9,-4.511017420095778,36.66744021390835,-4.511044633188923,36.66746654543747,1.920181611477083e-05,468705.6654540519,0.001756992864910182,0.0037560222323173055,0.0016863642762044203,0.0011592451355435524,Yes,,0.222,,,,,0.111,,0.111,,0.111,,,,,,,,,,,,,,,,,,,,,,,,,,,,,,,,,,,,,,,,,,,,,,,,,,,,,,,,,,,,,,,,,,,,,,,,,,,,,,,,,,,,,,,,,,,,,,,,,,,,,,,,,,,,,,,,,,,,,,,,,,,,,,,,,,,,,,,,,,,,,,,,,,,,,,,,,,,,,,
Malaga_hdbscan_5_5,22,13,-4.414363168092236,36.70766462451058,-4.4144164,36.7077923,2.017291875383823e-06,6444283.129592507,0.00043655898793782565,0.0014812249036463652,0.00030480177076943195,0.0004620490032734257,Yes,,,,,,,,,,,,,,,,,,,,,,0.154,,,,,,,0.077,,,,,,,,,,,,,,,,0.077,,,,,0.077,,0.077,,,,,,,,,,,,,,,,,,,,,,,,0.385,0.077,0.077,,,,,,,,,,,,,,,,,,,,,,,,,,,,,,,,,,,,,,,,,,,,,,,,,,,,,,,,,,,,,,,,,,,,,,,,,,,,,,,,,,,,,,,,,,,
Malaga_hdbscan_5_5,23,11,-4.499362367819423,36.66112484342781,-4.499309947782301,36.6613113,6.2305711250669676e-06,1765488.2320088705,0.0007566976140676449,0.0022651667531862108,0.0005880565394378497,0.0007546619763580387,Yes,,0.091,,,0.091,,,0.091,,0.091,0.091,0.091,,,,,,,,,,,,,,,,,,,,,0.091,,,,,,,,,,,,,,,,,0.091,,,,,,,,,,,,,,,,,,,,,,0.091,,,,,,,0.091,,,,,,,,,,,,,,,,,,,,,,,,,,,,,,,,,,,,,,,,,,,,,,,,,,,,,,,,,,,,,,,,,,,,,,,,,,,,,,,,,,,,,,,,,,
Malaga_hdbscan_5_5,24,10,-4.49783452043002,36.716545312367636,-4.49743312797081,36.7166869,2.2820616961071087e-05,438200.2474805418,0.0024709832139941036,0.0033927564215638683,0.0019515082933471352,0.0015807525606455276,Yes,,,,,,,,0.1,,,,,,0.2,,,,,,,,,,,,,,,,,,,,,,,,,,,,,,,,,,,,,,,,,,,,,,,,,,,,,,,,,,,,,,,,,,0.1,,,,,,,,,,,,,,,,,,,,,,,,,,,,,,,,,,,,,,,,,,,,,,,,,,,,,,,,,,,,,,,,,,,,,,,,,,,,,,,,,,,,,,,,,
Malaga_hdbscan_5_5,25,47,-4.492586865957447,36.67681070425531,-4.492667,36.676804,1.688921035999282e-05,2782841.766914909,0.0011743154886535029,0.0036903539354394346,0.0013573132413010872,0.0006226119169518712,Yes,0.021,0.021,0.021,0.064,,,0.064,,,,,,,,,,,,,,,,,,,,,,0.064,,,,,,,0.149,,,,,,,0.021,,0.021,,,,,0.085,,,,,,,,,0.191,,,,,,,,,,0.021,0.021,,,,,0.021,0.064,,0.021,,,0.043,0.021,0.021,0.021,,,,,,,,,,,,,,,,,,,,,,,,,,,,,,,,,,,,,,,,,,,,,,,,,,,,,,,,,,,,,,,,,,,,,,,,,,,,,,,,,,,,,
Malaga_hdbscan_5_5,26,15,-4.485585715821097,36.67435811353254,-4.485365785826883,36.6742292,9.370837000015028e-06,1600710.800964305,0.001433570140215394,0.0024118673957774063,0.0013953836961106438,0.0007161546005129699,Yes,0.067,,,,,,0.133,,,,,,,,,,,,,,,0.2,,,,,,,0.4,0.067,,,,,,,,,,,,,,,,,,,,0.067,,,,,,,,,,,,,,,,,,,,,,,,,,,,,,,,,,,,,,,,,,,,,,,,,,,,,,,,,,,,,,,,,,,,,,,,,,,,,,,,,,,,,,,,,,,,,,,,,,,,,,,,,,,,,,,,,,,,,,,
Malaga_hdbscan_5_5,27,27,-4.50377953306343,36.66341296335733,-4.503977083514799,36.6625021,2.9865829107288484e-05,904043.2094822003,0.0021406265583083298,0.004261684205583537,0.001254030280232079,0.0019233239254826046,Yes,,0.074,,0.037,0.037,,0.074,0.037,0.037,,0.111,,0.148,0.037,,0.074,,0.037,,,,,,,,,,,,,0.037,,,,,,,,,,,,,,,,,,,,,,,,,,,,,,,,,,,,,,,,,,,,,,,,,,0.037,,,,0.037,,,,,,,,,,,,,,,,,,,,,,,,,,,,,,,,,,,,,,,,,,,,,,,,,,,,,,,,,,,,,,,,,,,,,,,,,,,,,,,,,,,,
Malaga_hdbscan_5_5,28,13,-4.5031673713006874,36.6693594640045,-4.503063341529476,36.6693806383538,2.3703398048959563e-06,5484445.720882885,0.0005476135406831551,0.0012280918977541331,0.00034324628701456496,0.0005097056788886046,Yes,,0.077,0.154,,,,0.077,,,,,,0.154,,,,,,,,,0.077,,,,,,,,,,,,,,,,,,,,,,,,,,,,,,,,,,,,,,,,,,,,,,,,,,,,,,,,,,,0.077,,,,,,,,,,,,,,,,,,,,,,,,,,,,,,,,,,,,,,,,,,,,,,,,,,,,,,,,,,,,,,,,,,,,,,,,,,,,,,,,,,,,,,,,
Malaga_hdbscan_5_5,29,10,-4.490339963897489,36.70828635011679,-4.489624540752708,36.70809715,5.121198710964211e-05,195266.7835089183,0.002761464076081662,0.0056185659989412,0.0021436559307890153,0.002149952475674018,Yes,0.1,,,0.1,0.2,,,0.1,,,0.2,,,,,,,,,,,,,,,,,,,,,,,,,,,,,,,,,,,,,,,,,,,,,,,,,,,,,,,,,,,,,,,,,,,,,,,,,,,,,,,,,,,,,,,,,,,,,,,,,,,,,,,,,,,,,,,,,,,,,,,,,,,,,,,,,,,,,,,,,,,,,,,,,,,,,,,,,,,,,,
Malaga_hdbscan_5_5,30,9,-4.483704807427378,36.71256587612918,-4.4833653,36.71234752821736,3.099689734700185e-05,290351.6406576904,0.001803658675835124,0.003580010898749953,0.0014138641313707003,0.0016738532889121337,Yes,,,,,,,,,,,,0.111,,,,,,,,,,,,0.111,,,,,,,,,,,,,,,,,,,,0.333,,,,,,,,,,,,,,,,,,,,,,,,,,,,,,,,,,,,,,,,,,0.111,,,,,,,,,,,,,,,,,,,,,,,,,,,,,,,,,,,,,,,,,,,,,,,,,,,,,,,,,,,,,,,,,,,,,,,,,,,,,,,,,,,
Malaga_hdbscan_5_5,31,6,-4.38131059517429,36.72614607909409,-4.38142075,36.7260343,2.4949233817098607e-06,2404883.4701641155,0.0006279767345384232,0.001526773244457546,0.00043677805811406545,0.0006337727899520281,Yes,,0.167,,,,,,,,,0.167,,0.167,,,,,,,,,0.167,,,,,,,,0.167,,,,,,,,,,,,,,,,,,,,,,,,,,,,,,,,,,,,,,,,,,,,,,,,,,,,,,,,,,,,,,,,,,,,,,,,,,,,,,,,,,,,,,,,,,,,,,,,,,,,,,,,,,,,,,,,,,,,,,,,,,,,,,,,,,,,,,,,,,,
Malaga_hdbscan_5_5,32,11,-4.470246928303561,36.692376595935315,-4.47071789537136,36.692115,2.541841954594467e-05,432757.0398355067,0.0023887677271148574,0.004692425541618639,0.0023557540996022182,0.0010994128515645683,Yes,0.091,,,,,,,,,,,,,,,0.091,,,,,,0.091,,,,,,,,,,,,,,,,,,,,,,,,,,,,,,0.091,,,,,,,,,,,,,,,,,,,,,,,,,,,,,,,,,,0.091,0.091,,,,,,,,,,,,,,,,,,,,,,,,,,,,,,,,,,,,,,,,,,,,,,,,,,,,,,,,,,,,,,,,,,,,,,,,,,,,,,,,,,
Malaga_hdbscan_5_5,33,25,-4.350118625014514,36.71901366410443,-4.3502587,36.71825673198006,2.647699909545679e-05,944215.7666685788,0.0019541292962666464,0.003805465387271689,0.001158546710111228,0.001774773632932106,Yes,0.04,0.04,,0.04,0.08,,0.28,,0.04,,,,,,,,,,,,,,,,,,,,,,,,,,0.08,,,,,,,,,,,,,,,,,,,,,,,,,,,0.04,,,,,,,,,,,,,,,,,,,,,,,,,,0.04,,,,,,,,,,,,,,,,,,,,,,,,,,,,,,,,,,,,,,,,,,,,,,,,,,,,,,,,,,,,,,,,,,,,,,,,,,,,,,,,,
Malaga_hdbscan_5_5,34,30,-4.469763656508369,36.6844777660485,-4.4701032000000005,36.684377749999996,5.430176265510394e-05,552468.253941297,0.0025686353895737753,0.005312946902890354,0.0023408838192462977,0.0014604373613476157,Yes,0.033,,0.033,0.033,,,0.033,,,,,,,,,,,,,0.067,,,,,0.167,,,,,,0.033,,,,,0.067,,,,,,,,0.1,,,,,,0.033,0.033,,,,0.033,,0.033,,,,,,,,,,,,,,,,,,,,,,,,,,,,,0.033,,,0.067,0.033,,,,,,,,,,,,,,,,,,,,,,,,,,,,,,,,,,,,,,,,,,,,,,,,,,,,,,,,,,,,,,,,,,,,,,,,,,,,,,,
Malaga_hdbscan_5_5,35,8,-4.381060759270801,36.72153275280016,-4.381092637083205,36.721667350000004,2.323371679991951e-06,3443271.719670662,0.0008133967217669432,0.0012709359387333126,0.0007520775358880875,0.0003831695415311892,Yes,,0.125,,,,,0.125,,0.125,,,,,,,,,,,,,,,,,,,,,,,,,,0.125,,,,,,,,,,,,,,,,,,,0.125,,,,,,,0.125,,,,,,,,,,,,,,,,,,,,,,,,,0.125,,,,,,,,,,,,,,,,,,,,,,,,,,,,,,,,,,,,,,,,,,,,,,,,,,,,,,,,,,,,,,,,,,,,,,,,,,,,,,,,,,,
Malaga_hdbscan_5_5,36,10,-4.372122276432213,36.72072241292771,-4.3719068,36.720674,8.757396109500123e-07,11418919.362516772,0.0005286971282064809,0.0018097485579382604,0.0006939235054877172,0.00011846523573197322,Yes,,,,,,,0.5,0.1,,,,,,,,,,,,,,,,,,,,,,,,,,,0.2,0.1,,,,,,,,,,,,,,,,,,,,,,,,,,,,,,,,,,,,,,,,,,,,,,,,,,,,,,,,,,,,,,,,,,,,,,,,,,,,,,,,,,,,,,,,,,,,,,,,,,,,,,,,,,,,,,,,,,,,,,,,,,,,,,,,,,,,,
Malaga_hdbscan_5_5,37,20,-4.376849036699886,36.721752376415026,-4.3769679,36.72172945,6.5192436399799474e-06,3067840.550911136,0.0011799575855868396,0.0024805635969454903,0.0011697704167823407,0.0005662496586561431,Yes,,0.1,0.05,0.05,,,0.2,0.05,0.05,,0.05,,,0.05,0.05,,,,,,,,,,,,,,,,,,,,0.05,,,,,,,,,,,,,,,,,,,,,0.05,,,,,,,,,,,,,,,,,,,,,,,,,,,,,,,,,,,,,,,,,,,,,,,,,,,,,,,,,,,,,,,,,,,,,,,,,,,,,,,,,,,,,,,,,,,,,,,,,,,,,,,,,,,,,,,,,
Malaga_hdbscan_5_5,38,7,-4.359909142857143,36.723172757142855,-4.3599159,36.7230887,6.617052000017361e-07,10578729.01706324,0.00034321568236713763,0.0007517615803369086,0.00022306120785349842,0.0003215703293753712,Yes,,0.143,,,,,,,0.143,0.143,0.143,,,,,,,0.143,,,,,,,,,,,,,,,,,,,,,,,,,,,,,,,,,,,,,,0.143,,,,,,,,,,,,,,,,,,,,,,,,,,,,,,,,,,,,,,,,,,,,,,,,,,,,,,,,,,,,,,,,,,,,,,,,,,,,,,,,,,,,,,,,,,,,,,,,,,,,,,,,,,,,,,,,,
Malaga_hdbscan_5_5,39,151,-4.360386412784334,36.720818790197534,-4.36059575,36.7207912,5.102281695004346e-05,2959460.2773077856,0.0030290888405992713,0.0064838610543761395,0.0033271764213186296,0.0007987323875260824,Yes,0.04,0.04,0.007,0.066,,,0.099,0.04,0.02,0.066,0.033,0.013,0.06,0.013,0.007,0.007,,0.013,,,0.007,0.007,,,,,,,,0.007,0.007,0.013,0.026,0.013,0.026,0.033,0.013,0.013,,0.013,0.013,,,,0.007,0.007,,,,,,,,0.007,,0.007,0.007,0.007,0.026,,,,,,,,0.007,,0.007,,,0.013,,,,,,,,,,0.007,0.013,0.007,0.007,,0.007,,0.02,,0.007,0.007,0.007,0.007,0.007,0.007,0.007,,,,,,,,,,,,,,,,,,,,,,,,,,,,,,,,,,,,,,,,,,,,,,,,,,,,,,,,,,,,,,,,,,,,,,,,
Malaga_hdbscan_5_5,40,15,-4.468989506822709,36.73144045355832,-4.4697415,36.73140802587589,1.0121488221722805e-05,1481995.500207855,0.0016142005120082883,0.004583944614760937,0.001989594059601176,0.0003572606670201769,Yes,,0.133,,,0.133,0.067,,0.067,,,0.067,,,0.067,,,,,,,,0.067,,,,,,,,,,,,,,0.067,,,,,,,,,,,,,,,,,,,,,,,,,,,,,,,,,,,,,,,,,,,,,,,,,,,,,,,,,,,,,,,,,,,,,,,,,,,,,,,,,,,,,,,,,,,,,,,,,,,,,,,,,,,,,,,,,,,,,,,,,,,,,,,,,,,,,
Malaga_hdbscan_5_5,41,9,-4.390194079334174,36.72756750769436,-4.3897817,36.7276342,4.370044832541312e-06,2059475.4390119677,0.0009449562169701058,0.002349296547311484,0.0011002580843649632,0.00035234373005620963,Yes,,0.111,0.111,,0.111,,0.111,0.111,,,,,,,,,,,,,,,,,,,,,,,,,,,,,,,,,,,,,,,,,,,,,,,,,,,,,,,,,,,,,,,,,,,,,,,,,,,,,,,,,,,,,,,,,,,,,,,,,,,,,,,,,,,,,,,,,,,,,,,,,,,,,,,,,,,,,,,,,,,,,,,,,,,,,,,,,,,,,,,,,
Malaga_hdbscan_5_5,42,34,-4.474670409738244,36.699198149265406,-4.4743427,36.69882305,2.422516917674578e-05,1403498.9705102772,0.001510631751934598,0.004643743082904765,0.0015958588422269454,0.0008472409734985425,Yes,0.029,0.029,0.029,,0.029,,0.029,0.029,0.059,0.029,0.029,,,,,,,0.029,,0.029,,0.029,,,,,,,,,,,,,0.176,,,,,,,,,,,,,,,,,,,0.029,,,,,0.029,,,,,,,,,,,,,,,,,,,,,,,,,,,,,,,,0.029,,,,,,,0.029,0.029,0.029,,,,,,,,,,,,,,,,,,,,,,,,,,,,,,,,,,,,,,,,,,,,,,,,,,,,,,,,,,,,,,,,,,,,,
Malaga_hdbscan_5_5,43,9,-4.4552832232530974,36.70480987295257,-4.455530800000001,36.7050697,9.363930842177369e-06,961134.8216565058,0.00111118506758927,0.002330300615397809,0.0007958042172268233,0.0009936039055407674,Yes,,0.222,,,0.111,,,0.111,,,,0.111,,,,,,,,,,0.111,,,,,,,,,,,,,0.111,,,,,,,,,,,,,,,,,,,,,,,,,,,,,,,,,,,,,,,,,,,,,,,,,,,,,,,,,,,,,,,,,,,,,,,,,,,,,,,,,,,,,,,,,,,,,,,,,,,,,,,,,,,,,,,,,,,,,,,,,,,,,,,,,,,,,,
Malaga_hdbscan_5_5,44,23,-4.396821206804622,36.731498651005715,-4.3968337,36.7314696,1.2251456300199445e-05,1877327.840578885,0.0008106557993382642,0.00281099046675081,0.0005760967484533066,0.0008661269731269362,Yes,0.043,0.043,,0.043,,,,0.043,0.043,0.043,0.087,,,,,0.043,,0.13,,0.043,0.043,,,,,,,,,,,,,,,,,0.043,0.087,,,,,,,,,,,,,,,,,,0.043,,,,,,,0.043,,,,,,,,,,,,,,,,,,,,,,,,,0.043,,,,,,,,,,,0.043,,,,,,,,,,,,,,,,,,,,,,,,,,,,,,,,,,,,,,,,,,,,,,,,,,,,,,,,,,,,,,,,,,,,,
Malaga_hdbscan_5_5,45,15,-4.403132545618035,36.7327483448174,-4.4029992,36.7328046,2.1563056316800787e-06,6956342.264112531,0.00045721455447900015,0.0012474020717726745,0.0003361433018089335,0.00041108498151855045,Yes,,0.067,,,,,0.133,,,,,,,,,,,0.067,,0.067,,,,,,,,,,,,,,,,,,0.133,,,,,,,,,,,,,,,,,,,,,,,,,,,,,,,,,,,,,,,,,,,,,,,,,,,,,,,,,,,,,,,0.067,0.067,,,,,,,,,,,,,,,,,,,,,,,,,,,,,,,,,,,,,,,,,,,,,,,,,,,,,,,,,,,,,,,,,,,
Malaga_hdbscan_5_5,46,15,-4.4026964696082835,36.72997087843127,-4.4026975,36.7299664,2.058217890001218e-06,7287858.138280551,0.00047961170719935606,0.0014785765401048132,0.0002266384487981701,0.0005439032484554029,Yes,0.067,,,,,,0.067,0.067,,,,,0.067,,,,,,,,,,,,,,,,,,,0.067,,0.067,0.067,,,0.067,,,,,,,,,,,,,,,,,,,,,,,,,,,,,,,,,,,,,,,,,,,,,,,,,,,,,,,,,,,,,,,,0.133,0.067,,,,,,,,,,,,,,,,,,,,,,,,,,,,,,,,,,,,,,,,,,,,,,,,,,,,,,,,,,,,,,,,,,
Malaga_hdbscan_5_5,47,15,-4.474351943197868,36.715887143022464,-4.474232232920408,36.715766393836574,1.129760612799478e-05,1327714.9008435435,0.0012254500864670903,0.0023625661439003257,0.0009206556012960553,0.0010524039215643408,Yes,,,,,,,,0.133,,,,,,0.133,,,,,,,,0.133,,,,,,,,,,,,,,,,,,,,,,,,,,,,,,,,,,,,,,,,,,,,,,,,,,,,,,,,,,,,,,,,,,,,,,,,,,,,,,,,,,,,,,,,,,,,,,,,,,,,,,,,,,,,,,,,,,,,,,,,,,,,,,,,,,,,,,,,,,,,,,,,,,,
Malaga_hdbscan_5_5,48,53,-4.4791167703874954,36.722200171063015,-4.478591220385627,36.7221754,7.133636621904723e-05,742959.0657485535,0.003082597045369973,0.005435153528524435,0.002752555033127318,0.0017938550383414234,Yes,0.038,0.094,,0.038,0.038,,0.208,0.038,,0.019,0.057,0.019,0.019,,,,,,,,0.038,0.057,,,,,,,,,0.019,,,0.019,0.019,,0.019,,,,,0.019,,,,,,,,,,,,,,,,0.019,0.019,,,,,,,,,,,,,,,,,,,,,,,,,,,,,,,,,,,,,,,,,,,,0.019,0.019,,,,,,,,,,,,,,,,,,,,,,,,,,,,,,,,,,,,,,,,,,,,,,,,,,,,,,,,,,,,,,,,,
Malaga_hdbscan_5_5,49,7,-4.4760417011451095,36.70798815150206,-4.476092,36.70786736666808,5.347748732205473e-06,1308962.023186366,0.000960532640865339,0.0013638736668490435,0.0007872698458761822,0.0006512974432083522,Yes,,,,,,,,,,,,,0.143,,,,,,,,,,,,,,,,,,,,,,,,0.143,,,,,,,0.286,,,,,0.286,,,,,,,,,,,,,,,,,,,,,,,,,,,,,,,,,,,,,0.143,,,,,,,,,,,,,,,,,,,,,,,,,,,,,,,,,,,,,,,,,,,,,,,,,,,,,,,,,,,,,,,,,,,,,,,,,,,,,,,,,,,
Malaga_hdbscan_5_5,50,14,-4.461752196328164,36.72605331938126,-4.461879235485658,36.726396255003785,1.5586812068933968e-05,898195.213882341,0.001821887093456917,0.003290470103125924,0.0017766146025362838,0.0009369603135560052,Yes,,0.143,,,,,0.071,0.143,,,,0.071,,,,,,,,,,,,,,,,,,,,,,,,,,,,,0.071,,,,,,,,,,,,,,,,,,,,,0.071,,,,,,,,,,,,,,,,,,,,,,,,,,,,,,,,,,,,,,,,,,,,,,,,,,,,,,,,,,,,,,,,,,,,,,,,,,,,,,,,,,,,,,,,,,,,,,,,,,,,,,,,,,,
Malaga_hdbscan_5_5,51,12,-4.470494782373648,36.706240066360586,-4.47056587341132,36.70622546033951,9.752048676441205e-06,1230510.6750532684,0.0011726028541705533,0.0029239001806114513,0.0011753283876213348,0.0006989092696672938,Yes,,,,,,,0.083,,,,0.333,,,,,,,,,,,,,,0.083,,,,,,,,,,,0.083,0.083,,,,,,,,,,,,,,,,,0.083,,0.083,,,,,,,,,,,,,,,,,,,,,,,,,,,,,,0.083,,,,,,,,,,,,,,,,,,,0.083,,,,,,,,,,,,,,,,,,,,,,,,,,,,,,,,,,,,,,,,,,,,,,,,,,,,,,,,,,,,,,,,
Malaga_hdbscan_5_5,52,11,-4.468048481982968,36.725646892827,-4.4679992,36.7257833,1.1119640198368112e-05,989240.6412227555,0.00118164049802811,0.002986950439062198,0.0006907050591013099,0.0012404071213803743,Yes,,,,,,,,,0.091,,,,,0.091,,,,,,,,,,,,,,,,,,,,,,,,,,,,,,,,,,,0.091,0.091,,,,,,,,,,,,,,,,,,,,,,,,,,,,,,,,,,,,,,,,,,,,,,,,,,,,,,,,,,,,,,,,,,,,,,,,,,,,,,,,,,,,,,,,,,,,,,,,,,,,,,,,,,,,,,,,,,,,,,,
Malaga_hdbscan_5_5,53,8,-4.466899566289955,36.72162581567645,-4.466156741736256,36.72193560704164,2.3153282093871577e-05,345523.36759709386,0.002069670504094329,0.004428185834254734,0.002099561365318294,0.0011027308529453475,No,,0.25,,,0.125,,,,,,,,,,,,,,,,0.125,,,,,,,,,,,,,,,,,,,,,,,,,,,,,,,,,,,,,,,,,,,,,,,,,,,,,,,,,,,,,,,,,,,,,,,,,,,,,,,,,,,,,,,,,,,,,,,,,,,,,,,,,,,,,,,,,,,,,,,,,,,,,,,,,,,,,,,,,,,,,,,,,,,,
Malaga_hdbscan_5_5,54,15,-4.4664311566563475,36.71024465538339,-4.466447294986978,36.71069479911606,2.157712876422388e-05,695180.5387967495,0.0016791281109609984,0.0034606318812064898,0.0011892418316606583,0.0013915447789170498,Yes,,,,,0.067,,,,0.067,,0.067,,,,,,,0.067,,,0.067,,,,,,,,,,,,,,,0.067,,,,,0.133,,,,,,,,,,,,,,,,,,,,,,,,,,,,,,,,,,,,,,,,,,,,,,,,,,,,,,,,,,,,,,,,,,,,,,,,,,,,,,,,,,,,,,,,,,,,,,,,,,,,,,,,,,,,,,,,,,,,,,,,,,,,,,,,
Malaga_hdbscan_5_5,55,9,-4.460733122064044,36.709622458405335,-4.4608964,36.7097193,7.810085297243747e-06,1152356.1724961167,0.0011265552450776578,0.0021428925156331408,0.0010521905723719354,0.0007023333862492044,Yes,,,,,,,0.111,,,,0.111,,,0.111,,,,,,,,0.111,,,,,,,,,0.111,,,,,,,,,,,,,,,,,,,,,,,,,,,,,,,,,,,,,,,,,,,,0.111,,,,,,,,,,,,,,,,,,,,,,,,,,,,,,,0.111,0.111,,,,,,,,,,,,,,,,,,,,,,,,,,,,,,,,,,,,,,,,,,,,,,,,,,,,,,,,,,,,,,
Malaga_hdbscan_5_5,56,10,-4.460546984823431,36.71963116218599,-4.4604414000000006,36.71957555,2.3572047887439538e-06,4242312.779844869,0.0006163177945124058,0.0010307302635310315,0.0004302981767066077,0.0005110182819400145,Yes,,0.1,,,,0.1,,0.1,,,,,0.2,,,,,,,,0.1,0.1,,,,,,,,,,,0.1,0.1,,,,,,,0.1,,,,,,,,,,,,,,,,,,,,,,,,,,,,,,,,,,,,,,,,,,,,,,,,,,,,,,,,,,,,,,,,,,,,,,,,,,,,,,,,,,,,,,,,,,,,,,,,,,,,,,,,,,,,,,,,,,,,,,,,,,,,,,,,
Malaga_hdbscan_5_5,57,19,-4.462956932317361,36.71679314514862,-4.4629548,36.7170072,4.377511257033567e-06,4340365.765929613,0.000776102508568304,0.0017200147929393075,0.0005056421819784844,0.0007099799831049324,Yes,0.053,0.053,,0.053,,,0.526,0.053,,,,,0.105,,,,,,,0.053,,,,,,,,,,,,,,,,,,,,,,,,,,,,,,,,,,,,,,,,,,,,,,,,,,,,,,,,,,,,,,,,,,,,,,,,,,,,,,,,,,,,,,,,0.053,,,,,,,,,,,,,,,,,,,,,,,,,,,,,,,,,,,,,,,,,,,,,,,,,,,,,,,,,,,,,
Malaga_hdbscan_5_5,58,5,-4.46496608,36.71552584,-4.464905,36.7153386,7.075546499982481e-07,7066591.958673977,0.00042658529240860053,0.0005335121085807983,0.0002980621237260342,0.00031522235072967744,Yes,0.2,0.2,,,,,0.2,,,,0.2,,,,,,,,,,,,,,,,,,,,,,,,,0.2,,,,,,,,,,,,,,,,,,,,,,,,,,,,,,,,,,,,,,,,,,,,,,,,,,,,,,,,,,,,,,,,,,,,,,,,,,,,,,,,,,,,,,,,,,,,,,,,,,,,,,,,,,,,,,,,,,,,,,,,,,,,,,,,,,,,,
Malaga_hdbscan_5_5,59,5,-4.461443516889622,36.695203429282685,-4.461495257162769,36.694839228751086,2.6041383335264062e-06,1920020.8896849295,0.0007861993009086543,0.001049530417011302,0.0005758722541674558,0.0005871919162653379,Yes,,,,,0.2,,,0.2,,,,,,,,,,,,,,,,,,,,,,,,,,,,,,,,,,,,,,,,,,,,,,,,,,,,,,,,,,,,,,,,,,,,,,,,,,,,,,,,,,,,,,,,,0.2,,,,,,,,,,,,,,,,,,,,,,,,,,,,,,,,,,,,,,,,,,,,,,,,,,,,,,,,,,,,,,,,,,,,,,,,
Malaga_hdbscan_5_5,60,12,-4.460298056439936,36.69064557789434,-4.460407039400507,36.69097763731389,9.432358652644766e-06,1272216.2549062197,0.0011533745527652246,0.002315007496783716,0.0007670541725067857,0.001019081118627179,Yes,0.083,,,,,,0.083,,,,,,,,,,,,,0.083,,0.083,,,0.083,,,,,0.167,,,,,,,,,,,,,,,,,,,,,,,,0.083,,,,,,,,,,,,,,,,,,,,,,,,,,,,,,,,,,,0.083,,,,,,,,,,,,,,,,,,,,,,,,,,,,,,,,,,,,,,,,,,,,,,,,,,,,,,,,,,,,,,,,,,,,,,,,,,,,,,,,
Malaga_hdbscan_5_5,61,5,-4.45522292,36.71689554999999,-4.4554818,36.7170154,3.049546125017042e-06,1639588.2518327406,0.0009497269596454125,0.001422400267996324,0.0009042819104680264,0.000476287173878989,Yes,,0.2,,,,,0.2,0.2,,,,,,,,,,,,0.4,,,,,,,,,,,,,,,,,,,,,,,,,,,,,,,,,,,,,,,,,,,,,,,,,,,,,,,,,,,,,,,,,,,,,,,,,,,,,,,,,,,,,,,,,,,,,,,,,,,,,,,,,,,,,,,,,,,,,,,,,,,,,,,,,,,,,,,,,,,,,,,,,,,,,
Malaga_hdbscan_5_5,62,7,-4.45505190458183,36.723540726372434,-4.455164451504229,36.72356890139041,3.534174340481379e-06,1980660.63686223,0.0008468894108429216,0.0012072934151936652,0.0006855269052778619,0.0006100261926977689,Yes,,,,,,0.143,,,,,,,,,,,,,,,0.143,,,,,,,,,,,,,,,,,,,,,0.143,,,,,,,,,,,,,,,0.143,,,,,,,,,,,,,,,,,,,,,,,,,,,,,,,,,,,,,,,,,,,,,,,,,,,,,,,,,,,,,,,,,,,,,,,,,,,,,,,,,,,,,,,,,,,,,,,,,,,,,,,,,,,,,,,,
Malaga_hdbscan_5_5,63,31,-4.449659186793402,36.72163333085664,-4.449619365260358,36.7222763,2.3220152066863616e-05,1335047.2430470702,0.001655040379456764,0.0033904523796198073,0.0011622503702859723,0.0013788156421794212,Yes,0.032,0.065,0.032,0.097,0.032,,0.032,0.129,,,0.032,0.032,0.065,0.032,,,,,,,,0.065,,,0.032,,,,,0.032,,,,,,,,,,,0.032,0.032,,,,,,,,0.032,,,,,,,,,,,,,,,,,,,,,,,,,,,,,,,,,,,,,,,,,,,,,,,,,,,,,,,,,,,0.032,0.032,0.032,,,,,,,,,,,,,,,,,,,,,,,,,,,,,,,,,,,,,,,,,,,,,,,,,,,,,,,,,,
Malaga_hdbscan_5_5,64,38,-4.458665901738476,36.68636201816005,-4.4588227499999995,36.686671649999994,1.4497922271632347e-05,2621065.231833493,0.0010601590593474998,0.0033465308974159236,0.0009367121029418381,0.0008938146995508318,Yes,,0.053,,0.026,,,,,,,0.053,,,,,,,0.026,,0.026,,0.053,,,,,,,,0.026,,,,,,0.079,,0.026,,,,0.053,,0.053,0.026,,,,,,,0.026,,,,,,,0.026,,0.026,,,,,,,,0.026,0.053,,0.053,,0.026,,,,,,,,,0.026,,,,,,,,0.026,,,,,,,,,,,,,,,,,,,,,0.026,0.026,0.026,0.026,0.026,0.026,,,,,,,,,,,,,,,,,,,,,,,,,,,,,,,,,,,,,,,,,,,,,,,,,,,,
Malaga_hdbscan_5_5,65,7,-4.455678057142857,36.6832208,-4.4558716,36.6833255,8.745007500006634e-07,8004567.177323393,0.00046443720323164185,0.0010818571210686877,0.000493905216057678,0.00022631494490065482,Yes,,,,0.143,,,0.286,,,0.143,,,,,,,,,,,,,,,,,,,,,,,0.143,,,,,,,,,,,,,,,,,,,,,,,,,,,,,,,,,,,,,,,,,,,,,,,,,,,,0.143,,,,,,,,,,,,,,,,,,,,,,,,,,,,,,,,,,,,,,,,,,,,,,,,,,,,,,,,,,,,,,,,,,,,,,,,,,,,,,,,,,,,
Malaga_hdbscan_5_5,66,7,-4.453567502602975,36.68241021002006,-4.453692918220828,36.6823616,7.683467156711643e-07,9110470.386907788,0.00043330162538995155,0.0006971238536574415,0.0004028074992328274,0.0002171462905418502,Yes,,0.143,0.143,,,,0.143,0.143,,,,0.143,,,,,,,,,0.143,,,,,,,,,,,,,,,,,,,,,,,,,,,,,,,,,,,,,,,,,,,,,,,,,,,,,,,,,,,,,,,,,,,,,,,,,,,,,,,,,,,,,,,,,,,,,,,,,,,,,,,,,,,,,,,,,,,,,,,,,,,,,,,,,,,,,,,,,,,,,,,,,,,,
Malaga_hdbscan_5_5,67,12,-4.450749837673553,36.71586846157769,-4.450843703103333,36.71585025,5.485355609211821e-06,2187643.036277871,0.0008133629198735823,0.0017535166248455688,0.0006528898020667121,0.0006571927167553623,Yes,,0.083,,,0.083,,,0.333,,,,,,,,,,,,,,0.083,,,,,,,,,,,,,,,,,,,,,,,,,,,,,,,,,,,0.083,,,,,,,,,,,,,,,,,,,,,,,,,,,,,,,,,,,,,,,,,,,,,,,,,,,,,,,,,,,,,,,,,,,,,,,,,,,,,,,,,,,,,,,,,,,,,,,,,,,,,,,,,,,,,,,,
Malaga_hdbscan_5_5,68,12,-4.399138678117558,36.72620874231075,-4.399221637165117,36.726713509431235,3.4448887406744666e-06,3483421.6438730466,0.0009640308056487471,0.0016929746559259636,0.00043046483445903516,0.0009616950252386399,Yes,0.083,0.083,,,0.083,,,0.083,0.083,,,,,,,,,0.083,,,0.083,,,,,,,,,,,,,,,,,,,,,,,,,,,,,,,,,,,,,,,,,,,,,,,,,,,,,,,,,,,,,,,,,,,,,,,,,,,,,,,,,,,,,,,,,,,,,,,,,,,,,,,,,,,,,,,,,,,,,,,,,,,,,,,,,,,,,,,,,,,,,,,,,,,,
Malaga_hdbscan_5_5,69,9,-4.451020828776453,36.70989250290826,-4.4510594,36.709928644834704,2.4085664376730636e-06,3736662.5471602003,0.000597585697967425,0.0011882676499272585,0.0004187234939863017,0.0005277465498120057,Yes,,0.111,,,,,,0.222,,,,,,,,,,,,,,0.111,0.111,,,,,,,,,,,,,,,,,,,,,,,,,,,,,,,,,,,,,,,,,,,,,,,,,,,,,0.111,,,,,,,,,,,,,,,,,,,,,,,,,,,,,,,,,,,,,,,,,,,,,,,,,,,,,,,,,,,,,,,,,,,,,,,,,,,,,,,,,,,,,,,,,,,,,
Malaga_hdbscan_5_5,70,13,-4.453480501076349,36.71147160714453,-4.453466398464055,36.7115682,8.95069975344798e-06,1452400.410927889,0.0012735119391539215,0.0020983485321846053,0.0009228885147122224,0.0010056912028726542,Yes,,0.154,,,0.231,,,0.077,0.077,,,,,,,,,,,,0.077,,,,,,,,,,,,,,,,,,,,,,,,,,,,,,,,,,,,,,,,,,,,,,,,,,,,,,,,,,,,,,,,,,,,,,,,,,,,,,,,0.077,,,,,,,,,,,,,,,,,,,,,,,,,,,,,,,,,,,,,,,,,,,,,,,,,,,,,,,,,,,,,,,,,,,,
Malaga_hdbscan_5_5,71,15,-4.410831193566484,36.7231607077942,-4.4105997,36.7231457,2.8760482228020494e-06,5215489.740775605,0.0006947120133628642,0.0014278709248119136,0.0006008400364525606,0.0004309753459057126,Yes,,,,0.067,,,0.067,0.067,,,,0.067,,,,,,,,,,,,,,,,,,,,,,,,,,,,,,,,,,,,,,,,,,,,,,,,,,,,,,,,,,,,,,,,,,,,,,,,,,,,,,,,,,,,,,,,,,,,,,,,,,,,,,,,,,0.067,,,,,,,,,,,,,,,,,,,,,,,,,,,,,,,,,,,,,,,,,,,,,,,,,,,
Malaga_hdbscan_5_5,72,11,-4.394263745454546,36.72351519090909,-4.3942494,36.723461,5.639266399957434e-07,19506083.27367373,0.000334661501504186,0.0008932418324497645,0.00037134360555745964,0.00015195725149122193,Yes,0.091,0.091,,,,,0.091,,,,,,,,,,,0.091,,,0.091,,,,,,,,,,,,,,0.091,0.091,,,,,,,,,,,,,,,,,,,,,,,,,,,,,,,,,,,,,0.091,,,,,,,,,,,,,,,,,,,,,,,,,,,,,,,,,,,,,,,,,,,,,,,,,,,,,,,,,,,,,,,,,,,,,,,,,,,,,,,,,,,,,,,,,,,,,,,,
Malaga_hdbscan_5_5,73,12,-4.396678059814,36.72317567057814,-4.3965365,36.7232677,2.259658635117334e-06,5310536.650761363,0.0005602591743508301,0.0014815099179591356,0.0006069443690492157,0.0002786114178362674,Yes,,,,0.167,,,0.083,,,,0.083,,0.083,,,,,0.083,,,,0.083,,,,,,,,,,,,,,,,,,0.083,,0.083,,,,,,,,0.083,,,,,,,,,,,,,,,,,,,,,,,,,,,,,,,,,,,,,,,,,,,,,,,,,,,,,,,,,,,,,,,,,,,,,,,,,,,,,,,,,,,,,,,,,,,,,,,,,,,,,,,,,,,,,,,,,,,,,,,
Malaga_hdbscan_5_5,74,8,-4.398715720987866,36.722537837365515,-4.3987767,36.7225267,2.3086761861432625e-07,34651892.9246822,0.0001932811617777454,0.00028223317265374905,0.00016905347341083764,0.00012615209960391342,Yes,,,,,,,,0.125,,,,,,,,,,0.125,,,,,,,,,,,,,,,,,,,,,0.125,,,,,,,,,,,,,,,,,,,,,,,,,0.125,,,,,,,,,,,,,,,,,,,,,,,,,,,,,,,,,,,,,,,,,,,,,,,,,,,,,,,,,,,,,,,,,,,,,,,,,,,,,,,,,,,,,,,,,,,,,,,,,,,,,,,,,
Malaga_hdbscan_5_5,75,11,-4.401588335648473,36.721599801582656,-4.4016925,36.7215786,1.2496946958798023e-06,8802149.866096573,0.00035825768089456383,0.0009247009948410572,0.0004103911644743157,0.0001863274727565703,Yes,,,0.091,0.091,,0.091,0.273,,,,,,,,,,,0.091,,,,0.091,,,,,,,,,,0.091,,,,,,,,,0.091,,,,,,,,,,,,,,,,,,,,,,,,,,,,,,,,,,,,,,,,,,,,,,,,,,,,,,,,,,,,,,,,,,,,,,,,,,,,,,,,,,,,,,,,,,,,,,,,,,,,,,,,,,,,,,,,,,,,,,,,,,,,,,,,
Malaga_hdbscan_5_5,76,6,-4.429079541096386,36.72352315245404,-4.429057428849681,36.72347197990851,4.4645372999574923e-07,13439242.628921764,0.0004058412136030255,0.0005954442005461832,0.000386426988191962,0.00016722210599987258,No,,0.167,0.167,,,,0.167,,0.333,,,,,,,,,,,,,,,,,,,,,,,,,,,,,,,,,,,,,,,,,,,,,,,,,,,,,,,,,,,,,,,,,,,,,,,,,,,,,,,,,,,,,,,,,,,,,,,,,,,,,,,,,,,,,,,,,,,,,,,,,,,,,,,,,,,,,,,,,,,,,,,,,,,,,,,,,,,,,,,,
Malaga_hdbscan_5_5,77,42,-4.430393207834073,36.73291831279927,-4.430003872662242,36.73297585,4.86404266441219e-05,863479.268125943,0.0022849601043831037,0.004004444355833118,0.002026211111196201,0.0014274636600850232,Yes,,0.095,,,0.071,,0.048,0.048,0.048,,0.048,,,,0.024,,,,,0.024,,0.024,,,,,,,,,,,,,,0.071,,,,,,,0.024,,,,,,,0.024,,0.048,,,0.024,,,,0.024,,,,,,,,,,,,,,,,0.024,,,,,,,,,,,,,,0.024,,,,,,,,,,,,,,,,,,,,,,,,,,,,,,0.024,0.024,,,,,,,,,,,,,,,,,,,,,,,,,,,,,,,,,,,,,,,,,,,,,,,,,
Malaga_hdbscan_5_5,78,13,-4.4040341140337915,36.721563062399916,-4.4040421,36.7214645,5.646378920762712e-07,23023605.362716187,0.000357552143521415,0.0007304779229718803,0.0003528625904030793,0.00018136041767271376,Yes,,,,0.077,,,0.077,,,,,,,,,0.077,,0.154,,,0.077,,,,,,,,,,,,,,,,,,,0.077,0.077,,,,,,,,,,,,,,,,0.077,,,,,,,,,,,,,,,,,,,,,,,,,,,,,,,,,,,,,,,,,,,,,,,,,,,,,,,,,,,,,,,,,,,,,,,,,,,,,,,,,,,,,,,,,,,,,,,,,,,,,,,,,,,,,,,,
Malaga_hdbscan_5_5,79,29,-4.406234504647584,36.72102871898268,-4.4062552,36.721032,2.707337810776682e-06,10711629.662380578,0.0006622535153557667,0.0012680640769650315,0.0007006352890096436,0.00028074148775950183,Yes,,0.034,,,,0.034,0.207,0.034,,,0.034,,0.069,,0.034,,,0.069,,0.034,0.034,0.034,,,,,,,,,,,,,,,,,,,,,,,,,,0.034,,,,,,0.069,,,,,,,,,,,,,,,0.034,,0.034,,,,,,,,,,0.034,,,,,,,,,,,,,,,,,,,,,,,,,,,,,,,,,,,,,,,,0.034,,,,,,,,,,,,,,,,,,,,,,,,,,,,,,,,,,,,,,,,,,,,,,,,
Malaga_hdbscan_5_5,80,9,-4.408464656153119,36.720012833508875,-4.4084003,36.7200082,7.355233600037087e-07,12236185.129394965,0.00034302653186991716,0.0008658041471142678,0.0003463471025851708,0.00020527351993784084,No,,,,0.111,,0.111,0.111,,,,,0.111,,,,,,,,,,,,,,,,,,,0.111,,,,,,,,,,,,,,,,,,,,,,,,,,,,,,,,,,,,,,,,,,,,,,,,,,,,,,,,,,,,,,,,,,,,,,,,,,,,,,,,,,,,,,,,,,,,,,,,,,,,,,,,,,,,,,,,,,,,,,,,,,,,,,,,,,,,,,,,,,
Malaga_hdbscan_5_5,81,59,-4.4104626491240815,36.71869971475382,-4.4105531,36.7186239,9.667725660004294e-06,6102779.7100289045,0.0010841463088488103,0.002496434389267107,0.0006623913591345778,0.0010374186500670774,Yes,0.017,0.034,0.034,0.136,,,0.254,0.068,,,0.068,,0.051,,,0.017,,0.034,,,,,,,,,,,,,,,0.034,0.017,0.034,0.017,,,,,,,,0.017,,,,,,0.017,,,,,,,,,0.017,,,0.017,,0.017,,,,,,,,0.017,,,,,,,,,,,,,,,,,,,,,,,,,,,,,,,,,,,,,,,,,,,,,,,,,,,,,,,,,,,,,,,,,,,,,,,,,,,,,,,,,,,,,,,,,,,,,,,,,
Malaga_hdbscan_5_5,82,9,-4.456165985233978,36.689820244492395,-4.4562307,36.6896567,7.2625512720036134e-06,1239233.9362469043,0.0010664561550775469,0.0019220010835779252,0.0009258987971512426,0.0007503616856666588,Yes,,,,0.111,0.111,,0.111,0.111,,,0.111,,0.111,,,,,,,,,,,,0.111,,,,,,0.111,,,,,,,,,,,,,,,,,,,,,,,,,,,,,,,,,,,,,,,,,,,,,,,,,,,,,,,,,,,,,,,,,,,,,,,,,,,,,,,,,,,,,,,,,,,0.111,,,,,,,,,,,,,,,,,,,,,,,,,,,,,,,,,,,,,,,,,,,,,,,
Malaga_hdbscan_5_5,83,19,-4.412966168421053,36.7178394,-4.4129171,36.7179351,1.554919280004186e-06,12219283.8202822,0.0004975303508415901,0.0012315104867197042,0.00023243035641186632,0.0005155338857622407,Yes,,,,0.105,,,0.158,,,,,,,,,,,,,,,,,,,,,,,,,,,,0.105,0.105,,,,,,,0.053,,0.053,,,,,,,,,,,,,,0.211,,,,,,,,,0.105,0.053,,,0.053,,,,,,,,,,,,,,,,,,,,,,,,,,,,,,,,,,,,,,,,,,,,,,,,,,,,,,,,,,,,,,,,,,,,,,,,,,,,,,,,,,,,,,,,,,,,,,,,,
Malaga_hdbscan_5_5,84,26,-4.414141526923077,36.71551690384615,-4.4140835,36.715593,2.2316153600023427e-06,11650753.29109256,0.0005663477123780042,0.0011691312688555167,0.00035369461790739094,0.0005391931768009984,Yes,,0.038,,,,,0.5,,,,,,,,0.038,,,0.038,,,,,,,,,,,,,,,,,0.038,0.038,,0.038,,,,,0.038,,,,,,,,,0.038,,,,,,0.038,0.077,,,,,,,,,,,,,,,,,0.038,,,,,,,,,,,,,,,,,,,,,,,,,,,,,,,,,,,,,,,0.038,,,,,,,,,,,,,,,,,,,,,,,,,,,,,,,,,,,,,,,,,,,,,,,,,,,,,,
Malaga_hdbscan_5_5,85,28,-4.448901369783218,36.73100854266277,-4.44926845,36.7311313,1.1371713419833031e-05,2462249.8797029234,0.0011397365120423097,0.0034489552563222543,0.0013094615690641444,0.0005060013417251977,Yes,,0.036,,0.071,0.036,,0.036,0.071,,0.036,0.071,0.071,,,,,,0.071,,0.036,0.036,0.036,,,,,,,,,,,0.071,0.036,,0.036,,,,,,,,,,,,,,,,,,,,,,,0.036,,,,,,,,,,,,,,,,,,,,,,,,,,0.036,,,,,,,,,,,,,,,,,,,0.036,,,,,,,,,,,,,,,,,,,,,,,,,,,,,,,,,,,,,,,,,,,,,,,,,,,,,,,,,,,,,,,,,
Malaga_hdbscan_5_5,86,6,-4.442399456277516,36.72277688651679,-4.442547525,36.722631475,1.1693226555100041e-06,5131175.703923293,0.0004830935826402872,0.0008278869551058499,0.00040011020724574863,0.0003631620877967339,Yes,,0.167,,,,,,0.5,,,,,0.167,0.167,,,,,,,,,,,,,,,,,,,,,,,,,,,,,,,,,,,,,,,,,,,,,,,,,,,,,,,,,,,,,,,,,,,,,,,,,,,,,,,,,,,,,,,,,,,,,,,,,,,,,,,,,,,,,,,,,,,,,,,,,,,,,,,,,,,,,,,,,,,,,,,,,,,,,,,,,,,
Malaga_hdbscan_5_5,87,16,-4.443734934790935,36.72590740712983,-4.44363975,36.72570001241904,8.04939840801432e-06,1987726.186353222,0.00092724509586806,0.002081437828355607,0.0007297343548462341,0.0007328694574299906,Yes,,0.062,,,,,0.188,0.125,0.125,,0.062,,,,,,,,,,0.062,,,,,,,,,,,,,,,0.125,0.062,,,,,,,,,,,,,0.062,,,,,,,,,,,,,,,,,,,,,,,,,,,0.062,,,,,,,,,,,,,,,,,,,,,,,,,,,,,,,,,,,,,,,,,,,,,,,,,,,,,,,,,,,,,,,,,,,,,,,,,,,,,,,,,,,,,,,,,,,,
Malaga_hdbscan_5_5,88,8,-4.4422308537730535,36.72725253763028,-4.44223155,36.72720874993853,1.910724748757398e-06,4186892.9604866644,0.0005054571051115482,0.0009983704049629483,0.00037578981798574345,0.00043193969885138626,Yes,,0.125,,,0.125,,,,,0.125,0.125,,0.125,,,,,0.125,,,,,,,,,,,,,,,,,,,,,,,,,,,,,,,,,,,,,,,,,,,,,,,,,,,,,,,,,,,,,,,,0.125,,,,,,,,,,,,,,,,,,,,,,,,,,,,,,,,,,,,,,,,,,,,,,,,,,,,,,,,,,,,,,,,,,,,,,,,,,,,,,,,,,,,,,,
Malaga_hdbscan_5_5,89,7,-4.437464371197893,36.72843397746835,-4.437356954244977,36.72868181819625,1.4634247078896294e-06,4783300.406410752,0.0007504239800419608,0.001368901417623102,0.00020745585120013864,0.0008520260182279933,Yes,,0.143,,,,,,0.286,,,,,,,,,,,,,,,,,,,,,,,,,,,,,,,,,0.143,,,,,,,,,,,,,,,,,,,,,,,,,,,,,,,,,,,,,,,,,,,,,,,,0.143,,,,,,,,,,,,,,,,,,,,,,,,,,,,,,,,,,,,,,,,,,,,,,,,,,,,,,,,,,,,,,,,,,,,,,,,,,,,,,,,
Malaga_hdbscan_5_5,90,28,-4.439466548010425,36.73024824005662,-4.439483825,36.7302413,1.815836558590965e-05,1541989.0004707894,0.0012452362828872705,0.0027241771806792692,0.0011913492690699228,0.000838072996635596,Yes,,0.179,,0.036,0.071,,,0.143,,0.036,0.143,,0.071,,,0.036,,,,,,0.036,,,,,,,,,,,,,,,0.036,,0.036,,,,,,,,,,,0.036,,,,,,,,,,,,,,,,,,,,,,,,,,,,,,,,,,,,,,,,,,,,,,,,,,,,,,,,,,,,,,,,,,,,,,,,,,,,,,,,,,,,,,,,,,,,,,,,,,,,,,,,,,,,,,,,,,,,,,,
Malaga_hdbscan_5_5,91,19,-4.430626331839521,36.74043074283597,-4.4311599482522706,36.74024688003913,1.609960782201132e-05,1180152.970808598,0.0016685936978939918,0.0036839285225431727,0.0016078336744165583,0.0008547484452280274,Yes,,0.105,,0.053,,,,0.421,0.053,,0.053,,,0.053,,,,,,,,,,,,,,,,,,,0.053,,,,,,,,,,,,,,,,,,,,,,,,,,,,,,,,,,,,,,,,,,,,,,,,,,,,,,,,,,,,,,,,,,,,,,,,,,,,,,,,,,,,,,,,,,,,,,,,,,,,,,,,,,,,,,,,,,,,,,,,,,,,,,,,,,,,,,,,
Malaga_hdbscan_5_5,92,17,-4.456692217918577,36.69668219805582,-4.456561270762859,36.69692477256398,7.161105299428801e-06,2373935.20820815,0.0011598026322745829,0.0017973086561482439,0.0008620631691651481,0.0008636903256849859,Yes,,0.235,0.059,,0.118,,,0.118,,,,,0.059,,,,,,,,0.059,0.059,,,,,,,,,,,,,,,,,,,,,,,,,,,,,,,,,,,,,,,,,,,,,,,,,,,,,,,,,,,,0.059,,,,,,,,,,,,,,,,,,,,,,,,,,,,,,,,,,,,,,,,,,,,,,,,,,,,,,,,,,,,,,,,,,,,,,,,,,,,,,,,,,,,,,,
Malaga_hdbscan_5_5,93,5,-4.454474979169315,36.6927824161394,-4.4545991,36.6923536,2.84991735823377e-06,1754436.8385119555,0.0008705171297791476,0.0016766069437283925,0.00042117038442203913,0.000885849644173572,Yes,,0.2,,,,,,0.2,,,0.2,,,,,,,,,0.2,,,,,,,,,,,,,,,,,,,,,,,,,,,,,,,,,,,,,,,,,,,,,,,,,,,,,,,,,,,,,,,,,,,,,,,,,,,,,,,,,,,,,,,,,,,,,,,,,,,,,,,,,,,,,,,,,,,,,,,,,,,,,,,,,,,,,,,,,,,,,,,,,,,,,
Malaga_hdbscan_5_5,94,8,-4.442426997822425,36.69633948342531,-4.4424576,36.69645213334405,3.815042425645282e-06,2096962.263439801,0.0007222129399924851,0.0015326991115555827,0.0006720404446092826,0.0005102815084777971,Yes,,0.125,,,,,0.25,0.125,,,,,0.125,,,,,,,,,,,,,,,,,,,,,,,,,,,,0.125,,,,,,,,,,,,,,,,,,,,,,,,,,,,,,,,,,,,,,,,,,,,,,,,,,,,,,,,,,,0.125,,,,,,,,,,,,,,,,,,,,,,,,,,,,,,,,,,,,,,,,,,,,,,,,,,,,,,,,,,,,,,,,,,,,,
Malaga_hdbscan_5_5,95,20,-4.439305470240503,36.69503998587635,-4.439149326828253,36.694943800000004,1.031876959024221e-05,1938215.5813337185,0.00114477339503769,0.00217015020898455,0.0008468005477130167,0.0009549234259679191,Yes,,0.05,,0.2,,,0.4,0.1,,,,,0.05,,,,,,,,,,,,,,,,,,,,,,,0.1,,,,,,,,,,,,,,,,,,,,0.05,,,,,,,,,,,,,,,,,,,,,,,,,,,,,,,,,,,,,,,,,,,,,,,,,,,,,,,,,,,,,,,,,,,,,,,,,,,,,,,,,,,,,,,,,,,,,,,,,,,,,,,,,,,,,,,,,
Malaga_hdbscan_5_5,96,8,-4.426466481631774,36.74066740315679,-4.426400775926773,36.74065207025886,4.626223937510005e-06,1729272.1035691753,0.0008200193909028931,0.0016134248890125704,0.000609967664832872,0.0007148873523991029,Yes,,0.125,,,,,,0.375,0.125,,,,,,,,,,,,,,,,,,,,,,,,,,,,,,,,,,,,,,,,,,,,,,,,,,,,,,,,,,,,,,,,,,,,,,,,,,,,,,,,,,,,,,,,,,,,,,,,,,,,,,,,,,,,,,,,,,,,,,,,,,,,,,,,,,,,,,,,,,,,,,,,,,,,,,,,,,,,,,,,
Malaga_hdbscan_5_5,97,64,-4.448880731870409,36.699439062843595,-4.4486235999999995,36.699534650000004,4.808706269887055e-05,1330919.3036135102,0.002289730391113274,0.0041924729697579224,0.0019932176066491496,0.0014657498476244233,Yes,0.016,0.125,,0.031,0.031,,,0.172,0.047,0.047,0.031,,0.031,0.016,,0.031,,,,,0.031,0.031,,,,,,,,,,,,,,0.031,0.031,0.016,,,0.031,,,,,,,,0.016,0.016,,,,,,0.016,0.016,,0.016,,,,,,,,,,,0.016,,,,,,,,,,,,,,,0.016,,,,,,,,,,,,,,,,,,,,,,,,,,,,,,,,,,,,,,0.016,0.016,,,,,,,,,,,,,,,,,,,,,,,,,,,,,,,,,,,,,,,,,,,,,
Malaga_hdbscan_5_5,98,14,-4.451574881242937,36.689507894068285,-4.4515666025894065,36.68968290849271,6.0535870595710015e-06,2312678.394187022,0.0011730579096710073,0.002209728235307541,0.00042973702260076785,0.0011984040192791182,Yes,0.071,0.071,,,0.071,,,0.286,,,,,0.071,,,,,,,,,,,,,,,,,,,,,0.071,,0.071,,,,,,,,,,,,,,,,,,,,,,,,,,,,,,,,,,,,,,,,,,,,,,,,,,,,,,,,,,,,,,,,,,,,,,,,,,,,,,,,,,,,,,,,,,,,,,,,,,,,,,,,,,,,,,,,,,,,,,,,,,,,,,,,,,,,,
Malaga_hdbscan_5_5,99,36,-4.447657717908098,36.68982030041282,-4.447853512787491,36.69014645323183,2.15421934138133e-05,1671139.0204544377,0.001558743438768877,0.0033252160530432787,0.0012739835750681006,0.001144950037539079,Yes,0.056,0.083,0.028,,0.056,,0.111,0.111,0.056,0.056,,0.056,0.028,0.028,,,,,,,0.028,0.056,,,,,,,,,,,,,,0.028,,,,,,,,,,,,,,,,,,,,,,,,,,,,,,,,,,,,,,,,,,,,,,,,,,,,,,,,,,,,,,,,,,,0.028,,,,,,,,,,,,,,,,,,,,,,,,,,,,,,,,,,,,,,,,,,,,,,,,,,,,,,,,,,,,,,,,,,
Malaga_hdbscan_5_5,100,9,-4.452302423803613,36.6964764010586,-4.452418835464533,36.69653883074069,2.606440682843154e-06,3452984.7769958195,0.0006958053612589634,0.0011247235161527549,0.0006583252397205315,0.00039892819490916243,Yes,,0.111,,,0.111,,,0.111,,,0.111,,,0.111,,,,,,,,,,,0.111,,,,,,,,,,,,,,,,,,,,,,,,,,,,,,,,,,,,,,,,,,,,,,,0.111,,,,,,,,,,,,,,,,,,,,,,,,,,,,,,,,,,,,,,,,,,,,,,,,,,,,,,,,,,,,,,,,,,,,,,,,,,,,,,,,,,,,,,,,,,,,,,,,,
Malaga_hdbscan_5_5,101,24,-4.44995078276535,36.694460020388576,-4.450068549999999,36.694352699999996,8.732625733620824e-06,2748314.2793580866,0.0011707812538725747,0.0026596040302103332,0.0005564177717454942,0.0011943808429514264,Yes,,0.042,0.083,0.042,,,0.042,0.125,,,,0.167,,0.042,0.042,,,,,,,0.042,,0.042,,,,,,,,,,,,,0.083,,,,,,,,,,,,,0.042,,,,,,,0.042,,,,,,,,,,,,,,,,,,,,,,,,,,,,,,,,,,,,,,,,,,,,,,,,,,,,,,,,,,,,,,,,,,,,,,,,,,,,,,,,,,,,,,,,,,,,,,,,,,,,,,,,,,,,,,,,
Malaga_hdbscan_5_5,102,12,-4.424716323017145,36.73064197317455,-4.424814537756006,36.7305959,3.444141367232428e-06,3484177.5410754154,0.0005386513903988802,0.001254646590127074,0.00041717039786951627,0.0005303528182654572,Yes,,0.083,0.083,,0.083,,0.083,0.083,,,,0.083,,,,,,,,,0.083,,,,,,,,,,,,,,,,,0.083,,,,,,,,,,,,,,,,,,0.083,,,,,,,,,,,,,,,,,,,,,,,,,,,,,,,0.083,,,,,,,,,,,,,,,,,,,,,,,,,,,,,,,,,,,,,,,,,,,,,,,,,,,,,,,,,,,,,,,,,,,,,,,,,,,,,,,,,,
Malaga_hdbscan_5_5,103,144,-4.422007473238162,36.74229108905584,-4.4220252,36.74271655,5.443278150672249e-05,2645464.663278614,0.002643134988797648,0.005374417612827969,0.0007672127466577893,0.002937747901552374,Yes,0.021,0.028,0.007,0.021,0.014,,0.028,0.035,0.014,0.021,0.021,0.049,0.042,0.007,0.014,0.007,,0.042,,0.021,0.007,0.014,,,,,,0.007,,,0.007,0.021,0.035,0.035,,0.028,,,,0.007,,,,0.014,0.021,,0.007,,,0.007,,,,0.021,,,,,0.035,0.014,0.007,,,0.007,,,,0.007,0.028,0.007,,0.049,,,,,,,,,,,,,0.007,0.014,,,0.014,,0.007,,,,,,0.007,,,0.014,,,0.007,,,,,0.014,,,,,0.007,,,,,,,,,,,,0.007,0.007,0.007,0.007,0.007,0.007,0.007,0.007,,,,,,,,,,,,,,,,,,,,,,,,,,,,,,,,,,,,,
Malaga_hdbscan_5_5,104,23,-4.422814744505675,36.735093556790495,-4.4228211,36.7349365,6.567890163159697e-06,3501885.602321812,0.0008640664665410374,0.0015947440397706836,0.0007578556155728378,0.0005849690612496753,Yes,,0.043,0.043,,,,0.13,,,,0.087,0.043,,,,0.043,,,,0.043,,,,,,,,,,,,0.043,,,,0.043,,,,,,,,,,,,0.043,,0.043,,,,,,,,,,,,0.043,,,,,,,,,,0.043,,,,,,,,,,,,,,0.043,,,,,,,,,,,,,,,,,0.043,,,,,,,,,,,,,,,,,,,,,,,,,,,,,,0.043,,,,,,,,,,,,,,,,,,,,,,,,,,,,,,,,,,,,
Malaga_hdbscan_5_5,105,11,-4.417850576946471,36.74966011307958,-4.4174449,36.7497501,3.3473425536073677e-06,3286188.9166812366,0.0007618194296488335,0.0019411811467238151,0.0007562283154820154,0.00042258020397357255,Yes,,0.091,,,0.091,,,0.091,0.091,,0.091,,,0.091,,,,,,,,,,,,,,,,0.091,,,,,,,,,,,,,,,,,,,,,,,,,,,,,,,,0.091,,,,,,,,,,,,,,,,,,,,,,,,,,,,,,,,,,,,,,,,,,,,,,,,,,,,,,,,,,,,,,,,,,,,,,,,,,,,,,,,,,,,,,,,,,,,,,,,,,,,,,,,,,,
Malaga_hdbscan_5_5,106,12,-4.436411761249002,36.715205650910534,-4.43632055,36.715216749999996,4.629339580011409e-06,2592162.400834381,0.001029843533723667,0.001494339715459313,0.0009766309518901858,0.00047180146253891254,Yes,,,,,,,0.25,0.083,,,,,,,,,,,,,,0.083,,,,,,,,,,,,,,,,,,,,,,,,,,,,,,,,,,0.083,,,,,,,,,,,,,,,,,,,,,,,,,,,,,,,,,,,,,,,,,,,,,,,,,,,,,,,,,,,,,,,,,,,,,,,,,,,,,,,,,,,,,,,,,,,,,,,,,,,,,,,,,,,,,,,,,
Malaga_hdbscan_5_5,107,14,-4.421703478373127,36.7493593909672,-4.421624814163296,36.7492041,1.2058954799997364e-06,11609629.716833387,0.0003914058209904541,0.001072744750601768,0.0002191951496411596,0.00040715196181928477,Yes,,,,,,,0.071,0.143,0.071,0.071,0.071,0.071,,,,,,,,,,0.071,,,,,,,,,,0.071,0.071,0.071,,0.071,,,,,,,,,,,,,,,,,,,,,,,,,,,,,,,,,,,,,,,,,,,,,,,,,,,,,,,,,,,,,,,,,,0.071,,,,,,,,,,,,,,,,,,,,,,,,,,,,,,,,,,,,,,,,,,,,,,,,,,,,,,,,,,,,,,,,,,,
Malaga_hdbscan_5_5,108,9,-4.422712070499224,36.75094137155472,-4.4226808,36.7508213,1.0521095897965132e-06,8554241.960422276,0.0003723806846108134,0.0009060083705537574,0.0002463038763354704,0.0003687626740518312,Yes,,,,,,,,,,,,,,,,,,0.111,,,,,,,,,,,,,,,,,,0.111,,,,,,,,,,0.222,,,,,,,,0.111,,,,,,,,,,,,,,0.111,,,,,,,,,,,,,,,,,,0.111,,,,,,,,,,,,,,0.111,,,,,,,,,,,,,,,,,,,,,,,,,,,,,,,,,,,,,,,,,,,,,,,,,,,,,,,,,,,,,,,,,,,,,
Malaga_hdbscan_5_5,109,27,-4.443083561767892,36.70912762992473,-4.4431916,36.7091053,1.5247629666558165e-05,1770767.0366114478,0.0014684902121753973,0.0029573984606952406,0.0015375082115099395,0.0006314779506237448,Yes,0.111,0.074,0.037,0.037,0.037,,0.037,0.111,0.037,0.074,0.111,,,,,,,,,,,,,,0.037,,,,,0.037,,,,,,,,,,,,,,,,,,,,,,,,,,,,,,,,,,,,,,,,,,,,,,,,,,,,,,,,,,,,,,,,,,,,,,,,,,,,,,,,,,,0.037,,,,,,,,,,,,,,,0.037,,,,,,0.037,,,,,,,,,,,,,,,,,,,,,,,,,,,,,,,,,,,
Malaga_hdbscan_5_5,110,22,-4.43983639404925,36.71260439457038,-4.439995225245717,36.7124932,8.805062052809227e-06,2498562.74357328,0.0011255338118068311,0.0022926154360882237,0.0010580885502020465,0.0006436116731999625,Yes,,0.091,,,,,0.091,0.182,,,0.136,,0.045,,,,,,,,,0.045,,,,,,,,,,,,,,,0.045,,,0.045,,,,,,,,,,,,,,,,0.045,,,,,,,,,,,,,,,,,,,,,,,,,,,,,,,,,,,,,,,,,,,,,,,,,,,,,,,,,,,,,,,,,0.045,,,,,,,,,,,,,,,,,,,,,,,,,,,,,,,,,,,,,,,,,,,,,,,,
Malaga_hdbscan_5_5,111,6,-4.4352026916666665,36.726358358333336,-4.43510135,36.72623975,5.933331425009373e-07,10112362.802977117,0.0003897161796951562,0.0006707871173532467,0.00034361244692320545,0.00024876866834039975,Yes,,0.167,0.167,,,0.333,,0.167,,,,,,,,,0.167,,,,,,,,,,,,,,,,,,,,,,,,,,,,,,,,,,,,,,,,,,,,,,,,,,,,,,,,,,,,,,,,,,,,,,,,,,,,,,,,,,,,,,,,,,,,,,,,,,,,,,,,,,,,,,,,,,,,,,,,,,,,,,,,,,,,,,,,,,,,,,,,,,,,,,,,
Malaga_hdbscan_5_5,112,15,-4.443287991278376,36.70188319460604,-4.4439232,36.7017583,5.372941143651878e-06,2791767.0413573165,0.001195904659592988,0.0022629927155410077,0.0012152969577616801,0.00042634796979495006,Yes,,0.133,,0.067,,,,0.067,,,0.133,,0.067,0.067,,0.067,,,,,,,,,,,,,,,0.133,,,,,0.067,,,,,,,,,,,,,,,,,,,,,,,,,,,,,,,,,,,,,,,,,,,,,,,,,,,,,,,,,,,,,,,,,,,,,,,,,,,,,,,,,,,,,,,,,,0.067,,,,,,,,,0.067,,,,,,,,,,,,,,,,,,,,,,,,,,,,,,,,,,
Malaga_hdbscan_5_5,113,24,-4.429197630713041,36.72644769611102,-4.42908135,36.72647175,5.4785462361347805e-06,4380724.185862208,0.0009210208115202769,0.0013626937339897712,0.00063983328685597,0.0007385273938285135,Yes,,0.125,0.042,,0.042,,0.125,0.083,,,0.083,,0.042,,,0.042,,,,0.042,0.042,0.042,,,,,,,,,,0.042,,0.042,,,0.042,,,,,,,,,,,,,,,,,0.042,,,,,,,,,,,,,,,,,,,,,,,,,,,,,,,,,,,,,,,,,,,,,,,,,,,,,,,,,,,,,,,,,,,,,,,,,,,,,,,,,,0.042,,,,,,,,,,,,,,,,,,,,,,,,,,,,,,,,,
Malaga_hdbscan_5_5,114,14,-4.439108049742308,36.70033265276554,-4.439159699999999,36.7003246,2.257290580215954e-06,6202125.73547382,0.0004294391071393977,0.0014418868875082072,0.0002480109767302073,0.0005392726149687415,Yes,,,,,,,,0.071,,,,,,,,,,,,,,0.071,,,,,,,,0.571,,,,,,,,,,,,,,,,,,,,,,,,,,,,,,,,,,,,,,,,,,,,,,,,,,,,,,,,,,,,,,,,,,,,,,,,,,,,,,,,,,,,,,,,,,,,,,,,,,,,,,,,,,,,,,,,,,,,,,,,,,,,,,,,,,,,,,,,,,,
Malaga_hdbscan_5_5,115,18,-4.438123866316784,36.70272572189701,-4.437795250000001,36.70260771794108,4.328305048038919e-06,4158671.7664817763,0.0007922390162711872,0.001417403016405422,0.0006138328923350863,0.0006370483837805214,Yes,,0.167,0.056,,0.056,,,0.056,0.167,,0.056,0.056,,0.056,,,,,,,,,,,,,,,,,,,,,,,,,,,,,,,,,,,,,,,,,,,,,,,,,,,,,,,0.056,,,,,,,,,,,,,,,,,,,,,,,,,,,,,,,,,,,,,,,,,,,,,,,,,,,,,,,,,,,,,,,0.056,,,,,0.056,,,,,,,,,,,,,,,,,,,,,,,,,,,,,,,,
Malaga_hdbscan_5_5,116,11,-4.438727490583111,36.70540260517196,-4.4387478,36.7053648,2.6709545399965545e-06,4118377.844055028,0.0006187389919766441,0.001330240889297145,0.000550050776370281,0.00043431236238544854,Yes,0.091,0.091,,0.091,,,,0.182,,0.091,0.091,,,,0.091,,,,,,,,,,,,,,,,,0.091,0.091,,,,,,,,,,,,,,,,0.091,,,,,,,,,,,,,,,,,,,,,,,,,,,,,,,,,,,,,,,,,,,,,,,,,,,,,,,,,,,,,,,,,,,,,,,,,,,,,,,,,,,,,,,,,,,,,,,,,,,,,,,,,,,,,,,,,,,,,,,,
Malaga_hdbscan_5_5,117,9,-4.437014824260889,36.7067091709189,-4.4369966,36.7067223,3.9480565802082023e-07,22796025.885539316,0.00023590661920576498,0.000466974501718012,0.0001747817586776681,0.00019739344969790516,Yes,0.111,,,,,,,0.222,,,,,,,,,,0.222,,,,,,,,,,,,,,,,,,,,,,0.111,,,,,,,,,0.111,,,,,,,,,,,,,,,,,,,,,,,,,,,,,,,,,,,,,,,,,,,,,,,,,,,,,,,,,,,,,,,,,,,,,,,,,,,,,,,,,,,,,,,,,,,,,,,,,,,,,,,,,,,,,,,,,,,,,,,,
Malaga_hdbscan_5_5,118,5,-4.4336702,36.70306101999999,-4.4337429,36.7030552,2.1552090000066865e-07,23199606.163413793,0.00022230111571931743,0.0003979324872429281,0.00021386645365747525,0.00011975273525123322,No,,0.2,,,,,0.4,,,,,0.4,,,,,,,,,,,,,,,,,,,,,,,,,,,,,,,,,,,,,,,,,,,,,,,,,,,,,,,,,,,,,,,,,,,,,,,,,,,,,,,,,,,,,,,,,,,,,,,,,,,,,,,,,,,,,,,,,,,,,,,,,,,,,,,,,,,,,,,,,,,,,,,,,,,,,,,,,,,,,
Malaga_hdbscan_5_5,119,29,-4.435408460283496,36.70477354511307,-4.4354004,36.7047766,5.711103443276117e-06,5077827.829251232,0.0007783055785961555,0.0020369239856082586,0.0007507908441168223,0.00048623265879484275,Yes,,,,0.103,0.034,,0.207,0.103,,0.069,,0.069,0.103,,,,,,,,0.034,0.034,,,,,,,,,,,,,,0.207,,,,,,,,,,,,,,,,,,,,0.034,,,,,,,,,,,,,,,,,,,,,,,,,,,,,,,,,,,,,,,,,,,,,,,,,,,,,,,,,,,,,,,,,,,,,0.034,,,,,,,,,,,,,,,,,,,,,,,,,,,,,,,,,,,,,,,,,,,,
Malaga_hdbscan_5_5,120,7,-4.4215780350281175,36.73127036726247,-4.4215547,36.7313709,8.510465250234344e-07,8225167.243127217,0.00039598062659191674,0.0006921235269749889,0.00022432560945446857,0.0003796824521040414,Yes,,,0.143,0.143,0.143,,,,0.143,,,,,,,,,,,,,,,,,,,,,,,,,,,,,,,,,,,,,,,,,,,,,,,,0.143,,,,,,,,,,,,,,,,,,,,,,,,,,,,0.143,,,,,,,,,,,,,,,,,,,,,,,,,,,,,,,,,,,,,,,,,,,,,,,,,,,,,,,,,,,,,,,,,,,,,,,,,,,,,,,,,,,,
Malaga_hdbscan_5_5,121,20,-4.431960944618774,36.7240805475672,-4.432040649999999,36.72412185,2.9339030551033907e-06,6816857.825350061,0.0005157785053269142,0.0011076286127476287,0.0004336103972300408,0.0003962712019281019,Yes,0.05,0.05,,0.05,0.05,0.05,0.05,0.05,0.1,0.05,,,0.1,,,,,0.05,,,,,,,,,,,,,,,,,,,,,,,,,,,,,,,,0.05,,,,,,,,,,,,,,,,,,,,,,,,,,0.05,,,,,,,,,,,,,,,0.05,,,,,,,,,,,,,,,,,,,,,,,,,,,,,,,,,,,,,,,,,0.05,,,,,,0.05,,,,,,,,,,,,,,,,,,,,,,,,,,,,,,,
Malaga_hdbscan_5_5,122,69,-4.434410629463613,36.72185949714186,-4.434523,36.7215757,1.5999925736736018e-05,4312520.016363275,0.0013087696496992937,0.0032148921327043163,0.0012824898410816995,0.0007139712090973232,Yes,,0.043,,0.043,,,0.029,0.029,,0.029,0.029,,0.029,,0.014,0.014,,0.058,,,,0.014,,,,,,,,0.014,0.014,0.029,0.043,0.014,0.014,0.087,,0.029,,0.029,0.014,,0.014,,0.014,,,,,,,,,,,,0.014,,,,,,,,,,,,,0.014,0.014,,0.014,,,,,,,,,,,0.014,,,,,,,,,,,,,,,,,,,0.014,,,,,,,,,,,,0.043,,,,,,,,,,,0.014,,,,,0.014,0.014,,,,,,,0.043,0.014,0.014,,,,,,,,,,,,,,,,,,,,,,,,,,,,
Malaga_hdbscan_5_5,123,22,-4.423886844172696,36.72709504163043,-4.4237865,36.727141206806266,2.8431436427760783e-06,7737913.649174245,0.0005586118324966443,0.0012439056531299345,0.0004718979730722262,0.00041902034330689803,Yes,0.045,0.045,0.045,,0.045,,0.091,0.045,0.045,,0.091,,0.045,0.045,,,,0.045,,,,0.045,,,,,,,,,,,,,,,,,,,,,,,,,,,,0.045,,,,,,,,,,,,,,,,,,,,,,,,,,,,,,,,,,,,,,,,,,,,,,,,,,,,,,,,,,0.045,,,,,0.045,,,,,,,,,,,,,,,,,,,,,,,,,,,,,0.045,0.045,,,,,,,,,,,,,,,,,,,,,,,,,,
Malaga_hdbscan_5_5,124,8,-4.427436966666439,36.71093874110109,-4.427326046544765,36.71072990996309,1.7897574280517276e-06,4469879.478979753,0.0007119479495048962,0.0010359502768272964,0.0003247014923218909,0.0006850644854802019,No,,0.125,,0.125,,,,,,,,,,,,,,,,,,0.125,,,,,,,,,,,,,,,,,,,,,,,,,,,,,,,,,,,,,,,,,,,,,,,,,,,,,,,,,,,,,,,,,,,,,,,,,,,,,,,,,,,,,,,,,,,,,,,,,,,,,,,,,,,,,,,,,,,,,,,,,,,,,,,,,,,,,,,,,,,,,,,,,,,
Malaga_hdbscan_5_5,125,11,-4.433999876666392,36.70890465166571,-4.4340362,36.7088709,1.6006742266848773e-06,6872104.152499456,0.00039442483249593915,0.000990325175634181,0.00036826679510912916,0.00030049555363968104,Yes,,0.091,0.091,,0.091,0.182,0.091,,,,,,,,,,,0.091,,,,,,,,,,,,,,,0.091,0.091,,,,,,,,,,,,,,,,,,,,,,,,,,,,,,,,,,,,,,0.091,,,,,,,,,,,,,,,,,,,,,,,,,,,,,,,,,,,,,,,,,,,,,,,,,,,,,,,,,,,,,,,,,,,,,,,,0.091,,,,,,,,,,,,,,,,,,,,,,,,,
Malaga_hdbscan_5_5,126,5,-4.427227859767507,36.718322891557044,-4.4272902164903405,36.7182275,8.329714508133047e-07,6002606.686121177,0.00042890848536994983,0.0005734906126904428,0.0003527755687776775,0.0002761981954341685,Yes,,,,,,,,0.2,,,,,,,,,,,,,,0.2,,,,,,,,,,,,,,,,,,,,,,,,,,,,,,,,,,,,,,,,,,,,,,,,,,,,,,,,,,,,,,,,,,,,,,,,,,,,,,,,,,,,,,,,,,,,,,,,,,,,,,,,,,,,,,,,,,,,,,,,,,,,,,,,,,,,,,,,,,,,,,,,,,,
Malaga_hdbscan_5_5,127,6,-4.431541283333334,36.716412049999995,-4.43159855,36.7165423,4.944617099979542e-07,12134407.738113482,0.0003564702166842695,0.0005518428907824451,0.00030169364934578543,0.0002280035361573783,No,,,,,,,,,,,,,0.167,,,,,,,,,0.167,,,,,,,,,,,,,,,,,,,,,,,,,,,,,,,,,,,,,,,,,,,,,,,,,,,,,,,,,,,,,,,,,,,,,,,,,,,,,,,,,,,,,,,,,,,,,,,,,,,,,,,,,,,,,,,,,,,,,,,,,,,,,,,,,,,,,,,,,,,,,,,,,,,
Malaga_hdbscan_5_5,128,5,-4.426543997562055,36.72145601542671,-4.4264977,36.7215748,8.433471000052854e-07,5928756.973218577,0.0004395355663005745,0.0007864250284514564,0.00042134445336477664,0.0002539308898670913,Yes,,,,,,0.2,,,0.2,,,,,,,,,,,,,0.2,,,,,,,,,,,,,,,,,,,,,,,,,,,,,,,,,,,,,,,,,,,,,,,,,,,,,,,,,,,,,,,,,,,,,,,,,,,,,,,,,,,,,,,,,,,,,,,,,,,,,,,,,,,,0.2,,,,,,,,,,,,,,,,,,,,,,,,,,,,,,,,,,,,,,,
Malaga_hdbscan_5_5,129,6,-4.430065801247141,36.71737585354924,-4.4299285,36.7173954231891,3.298282639106554e-07,18191285.15203686,0.0002783303447665792,0.00043589407521836,0.0002537620465563353,0.00015142620243149184,Yes,,,,,,,,0.333,,,,,0.5,,,,,,,,,,,,,,,,,,,,,,,,,,,,,,,,,,,,,,,,,,,,,,,,,,,,,,,,,,,,,,,,,,,,,,,,,,,,,,,,,,,,,,,,,,,,,,,,,,,,,,,,,,,,,,,,,,,,,,,,,,,,,,,,,,,,,,,,,,,,,,,,,,,,,,,,,,,,
Malaga_hdbscan_5_5,130,16,-4.4319267720893,36.71838022003736,-4.431698900000001,36.7184114,3.0445843899997107e-06,5255232.882541818,0.0007303239182048193,0.0021329198241258557,0.0008442127767313492,0.0002762365707675817,Yes,,0.125,,0.25,,,,0.125,,,,,,,,,,,,,0.062,,,,,,,,,0.062,,,,,,,0.062,,,,,,,,,,,,,0.062,,,,,,,,,,,,,,,,,,,,,,,,,,,,,,,,,,,,,,,,,,,,,,,,,,,,,,,,,,,,,,,,,,,,,,,,,,,,,,,,,,,,,,,,,,,,,,,,,,,,,,,,,,,,,,,,,,,,,,,
Malaga_hdbscan_5_5,131,5,-4.429555615208334,36.71124555376097,-4.4294513,36.7113003,4.562240400014144e-07,10959527.69166767,0.0002759241877787059,0.0006045331349397547,0.00028340821766825063,0.0001837336664115716,Yes,,,,,,,0.4,0.2,,,,,,,,,,,,,,,,,,,,,,,,,,,,,,,,,,,,,,,,,,,,,,,,,,,,,,,,,,,,,,,,,,,,,,,,,,,,,,,,,,,,,,,,,,,,,,,,,,,,,,,,,,,,,,,,,,,,,,,,,,,,,,,,,,,,,,,,,,,,,,,,,,,,,,,,,,,,,,,,,
Malaga_hdbscan_5_5,132,11,-4.428985313210297,36.721451918163005,-4.4289842,36.7216473,1.7393510399922453e-06,6324197.788187163,0.00044903388848874725,0.0012064283830783078,0.00043547102656786487,0.0003232764655296668,Yes,,0.091,,0.091,,,,,,,0.091,,0.091,,0.091,,,0.091,,,,0.091,,,,,,,,,,,,,,,,,,0.091,,,,,,,,,0.091,,,,,,,,,,0.091,,,,,,,,,,,,,,,,,,,,,,,,,,,,,,,,,,,,,,,,,,,,,,,,,,,,,,,,,,,,,,,,,,,,,,,,,,,,,,,,,,,,,,0.091,,,,,,,,,,,,,,,,,,,,,,,,
Malaga_hdbscan_5_5,133,14,-4.42926624450369,36.719093359990964,-4.4293293,36.719184,3.653597745609022e-06,3831839.4565536184,0.0007681805776725665,0.0012563649709396462,0.00048466646444075004,0.0007014601417965622,Yes,,0.143,0.071,,,,,0.071,,0.071,0.071,,,,,,,,,,,,,,,,,,,,,,,,,,0.071,,,,,,,,,,,,,,,,0.071,,,,,,,,0.071,,,,,,,,,,,0.071,,,0.071,,,,,,,,,,,,,,,,,,,,,,,,,,,,,,,,,,,,,,,,,,,,,,,,,,,,,,,,,,,,,,,,,,,,,,,0.071,,,,,,,,,,,,,,,,,,,,,,,
Malaga_hdbscan_5_5,134,28,-4.427925080217207,36.71396444834077,-4.427808049999999,36.713789500000004,7.142379959993191e-06,3920261.8954518195,0.0009084739935542993,0.0018924507539247611,0.0006642794235963115,0.0008055219543234628,Yes,0.036,0.143,0.036,0.036,,,0.214,0.036,,,,0.036,,,,,,,,,,,,,,,,,,,,,,,,0.036,,,,0.036,,,,,,,,0.036,,0.071,,,,,,,0.036,,,,,,,,,,,,,,,,,,,,,,,,,,,,,,,,,,,,,,,,,,,,,,,,,,,,,,,,,,,,,,,,,,,0.036,,,0.036,,,,,,,,,,,,,,,,,,,,,,,,,,,,,,,,,,,,,,,,,,
Malaga_hdbscan_5_5,135,9,-4.429096546534567,36.715965713542616,-4.4291684,36.7160343,1.34212147999584e-06,6705801.325844137,0.0004550283982079769,0.0009570141109418221,0.0004092430442447203,0.0003066881692710295,Yes,,,,0.111,0.111,,,0.111,,,,,0.111,,0.111,,,,,,,,,,,,,,,,,,,,,,0.111,,,,,,,,,,,,,0.111,,,,,,,,,,,,,,,,,,,,,,,,,,,,,,,,,,,,,,,,,,,,,,,,,,,,,,,,,,,,,,,,,,,,,,,,,,,,,,,,,,,,,,,,,,,,,,,,,,,,,,,,,,,,,,,,,,,,,,,
Malaga_hdbscan_5_5,136,13,-4.429946130378144,36.71405250958324,-4.4299163,36.7139545,2.627626860001537e-06,4947430.016753747,0.0006791117967231406,0.0011932145875473243,0.0003907342435231909,0.0006276644725185046,No,,0.077,,,,,0.077,,0.308,,,,0.077,0.077,,,,,,,,,,,,,,,,,,,,,,,,,,,,,,,,,,,,0.077,,,,,,,,,,,,,,,,,,,,,,,,,,,,,,,,,,,,,,,,,,,,,,,,,,,,,,,,,,,,,,,,,,,,,,,,,,,,,,,,,,,,,,,,,,,,,,,,,,,,,,,,,,,,,,,,,,,,,,,
Malaga_hdbscan_5_5,137,11,-4.430743928801339,36.712355356953736,-4.43072678300084,36.7123944,1.114736369740768e-06,9867803.992578128,0.00037144925217464167,0.0006606488810690205,0.0003202072283201069,0.0002629881324832972,Yes,0.091,0.091,,,,,0.091,0.091,,,,0.091,,,,,,,,,,,,,,,,,,,0.091,,,,0.091,,,,,0.091,,,,,,,,,,,,,,,,,,,,,,,,,,,,,,,,,,,,,,,,,,,,,,,,,,,,,,,,,,,,,,,,,,,,,,,,,,,,,,,,,,,,,,,,,,,,,,,,,,,,,,,,,,,,,,,,,,,,,,,,,,,,,,,,,
Malaga_hdbscan_5_5,138,7,-4.431720159974352,36.711336821289855,-4.4317254,36.7112783,3.430288074798552e-07,20406449.392478745,0.0002246497034847549,0.0004508484923699876,0.0001822426418331166,0.00018830609387417082,Yes,,,,,,,,0.143,,,,,,,,,,,,,,,,,,,,,0.429,,,,,,,,,,,,,,,,,,,,0.143,,,,,,,,,,,,,,,,,,,,,,,,,,,,,,,,,,,,,,,,,,,,,,,,,,,,,,,,,,,,,,,,,,,,,0.143,,,,,,,,,,,,,,,,,,,,,,,,,,,,,,,,,,,,,,,,,,,,,,,,,,,
Malaga_hdbscan_5_5,139,16,-4.433910468611957,36.713224019795796,-4.433874299999999,36.71315041491238,2.090805660002341e-06,7652552.4615148045,0.0005433937320910699,0.0010956083669766336,0.0005295449340816775,0.0003097984241888146,Yes,,,0.062,0.062,,,,0.125,,0.062,,,,,,,,0.062,,,,0.062,,,,,,,,,,,,,,0.062,,,,,,,,,,,,,,,,,,,,,,,,,,,,,,,,,,,,,,,,,,,,,,,,,,,,,,,,,,,,,,,,,,,,,,,,,,,,,,,,,,0.25,,,,,,,,,,,,,,,,,,,,,,,,,,,,,,,,,,,,,,,,,,,,,,,,,,,
Malaga_hdbscan_5_5,140,7,-4.432630171428571,36.712417,-4.432698,36.7123341,4.513194500004093e-07,15510078.282674616,0.00030604486097406483,0.00040389956950011193,0.0002019466670349345,0.00024973216509988354,Yes,,,,0.143,,,0.143,,,,0.143,,,,,,,,,,,,,,,,,,0.286,,,,,,,0.143,,,,,,,,,,,,,,0.143,,,,,,,,,,,,,,,,,,,,,,,,,,,,,,,,,,,,,,,,,,,,,,,,,,,,,,,,,,,,,,,,,,,,,,,,,,,,,,,,,,,,,,,,,,,,,,,,,,,,,,,,,,,,,,,,,,,,,,,
Malaga_hdbscan_5_5,141,12,-4.418477809611629,36.729460003489386,-4.418545466469518,36.729483899840076,1.101929488011523e-06,10889988.99707684,0.0005137450488483846,0.0007934771677819607,0.0005102635717651742,0.00018614270985585835,Yes,,,,0.083,,,0.25,0.083,,,,,,,,,,,,,,,,,,,,,,,,,,,,,0.083,,,,0.083,,,0.083,,,,,,,,,,,,,,,,,,,,,,,,,,,,,,,,,,,,,,,0.083,,,,,,,,,,,,,,,,,,,,0.083,,,,,,,,,,,,,,,,,,,,,,,,,,,,,,,,,0.083,,,,,,,,,,,,,,,,,,,,,,,,,,,,,,,,,
Malaga_hdbscan_5_5,142,1578,-4.419531045977404,36.723355992168415,-4.4202196533694655,36.7223878,0.00031840515570001203,4955949.901410282,0.005510394054960313,0.013349520987746034,0.003579877103111615,0.005053601025735239,Yes,0.023,0.016,0.006,0.062,0.004,0.008,0.152,0.012,0.01,0.016,0.01,0.03,0.022,0.001,0.009,0.003,,0.034,,0.001,0.003,0.009,0.001,0.002,,,,0.001,,0.001,0.001,0.01,0.013,0.01,0.03,0.035,0.006,0.014,,0.009,0.001,0.001,0.004,0.002,0.011,,0.001,0.001,0.001,0.013,0.001,0.003,0.002,0.005,0.001,0.007,0.003,0.015,0.046,,0.006,0.003,,0.004,,,0.001,0.004,0.008,0.004,0.003,0.006,0.001,0.002,,0.015,0.001,0.002,,,0.004,0.013,0.002,0.003,0.006,0.001,0.001,0.003,0.003,,0.006,,0.001,0.001,,,0.001,0.001,,0.001,0.002,0.003,0.001,0.001,0.002,,,,,,,0.001,,0.001,0.004,0.003,,0.001,0.001,,,,,0.002,,0.004,0.002,0.002,0.001,0.001,0.002,0.004,,0.002,,0.001,0.001,,0.002,0.003,0.004,0.001,0.001,,,,0.003,0.003,0.003,0.001,0.001,0.001,0.001,0.001,0.001,0.001,0.001,0.001,0.001,0.001,0.001,0.001,0.001,0.001,0.001,0.001,0.001,0.001,0.001
